排名,买入信号,卖出信号,止损,止盈,最长持仓,交易次数,年化收益率,总收益率,胜率,最大回撤,平均持仓天数,平均每笔收益
1,RSI<40,跌破MA60,10%,20%,25日,29,18.5%,133.2%,83%,-10.3%,17,3.12%
2,RSI<40,MA5下穿MA60,10%,20%,25日,32,17.8%,126.9%,72%,-10.3%,17,2.77%
3,RSI<40,跌破MA20,10%,20%,25日,29,17.7%,125.6%,69%,-12.3%,18,3.09%
4,RSI<40,RSI>70,5%,15%,20日,31,17.4%,123.1%,65%,-13.9%,17,2.84%
5,RSI<40,RSI>75,5%,15%,20日,31,17.4%,123.1%,65%,-13.9%,17,2.84%
6,RSI<40,5日动量转负,10%,20%,25日,46,17.1%,119.7%,65%,-10.5%,9,1.86%
7,RSI<45,跌破MA20,7%,25%,30日,46,16.8%,117.2%,61%,-16.4%,17,1.92%
8,RSI<40,MA5下穿MA60,5%,15%,20日,37,16.7%,116.0%,68%,-13.9%,13,2.26%
9,RSI<40,布林上轨+RSI>65,5%,15%,20日,31,16.6%,115.7%,65%,-13.9%,16,2.72%
10,RSI<45,跌破MA20,7%,20%,25日,46,16.5%,114.4%,59%,-16.4%,16,1.86%
11,RSI<40,跌破MA20,7%,20%,25日,32,16.3%,113.0%,66%,-11.0%,16,2.65%
12,RSI<40,5日动量转负,5%,20%,25日,50,16.3%,112.5%,62%,-10.5%,8,1.66%
13,RSI<40,放量滞涨,5%,15%,20日,31,16.1%,111.0%,68%,-13.9%,17,2.65%
14,RSI<50,跌破MA20,7%,25%,30日,72,16.1%,110.7%,64%,-17.0%,13,1.21%
15,RSI<40,RSI>65,5%,15%,20日,31,16.1%,110.6%,65%,-13.9%,16,2.64%
16,RSI<40,跌破MA20,5%,20%,25日,35,15.9%,109.3%,69%,-14.0%,15,2.36%
17,RSI<40,5日动量转负,5%,15%,20日,50,15.9%,109.0%,62%,-10.5%,8,1.61%
18,RSI<50,跌破MA20,10%,30%,30日,70,15.9%,108.6%,66%,-18.1%,13,1.24%
19,RSI<40,5日动量转负,7%,25%,30日,49,15.8%,108.4%,65%,-10.5%,9,1.66%
20,RSI<40,5日动量转负,7%,20%,25日,49,15.8%,108.4%,65%,-10.5%,9,1.66%
21,RSI<45,跌破MA20,10%,30%,30日,46,15.8%,108.2%,61%,-18.1%,17,1.87%
22,RSI<40,MA5下穿MA60,7%,15%,20日,36,15.7%,107.2%,64%,-12.3%,13,2.23%
23,RSI<45,跌破MA20,7%,15%,20日,51,15.7%,106.8%,57%,-18.6%,13,1.61%
24,RSI<45,5日动量转负,10%,20%,25日,68,15.6%,106.6%,56%,-11.8%,9,1.21%
25,RSI<40,RSI>80,5%,15%,20日,31,15.6%,106.5%,65%,-13.9%,17,2.58%
26,RSI<40,RSI>70+MACD死叉,5%,15%,20日,31,15.6%,106.5%,65%,-13.9%,17,2.58%
27,RSI<40,5日动量转负,10%,15%,20日,46,15.6%,106.1%,65%,-10.5%,9,1.68%
28,RSI<40,RSI顶背离,5%,15%,20日,31,15.5%,105.4%,65%,-13.9%,17,2.56%
29,RSI<40,跌破MA60,5%,15%,20日,34,15.5%,105.0%,74%,-13.9%,13,2.29%
30,RSI<40,5日动量转负,7%,15%,20日,49,15.5%,105.0%,65%,-10.5%,8,1.61%
31,RSI<40,5日动量转负,10%,25%,30日,46,15.4%,104.8%,65%,-10.5%,10,1.68%
32,RSI<40,5日动量转负,10%,30%,30日,46,15.4%,104.8%,65%,-10.5%,10,1.68%
33,RSI<40,跌破MA20,5%,15%,20日,35,15.3%,103.8%,71%,-14.0%,14,2.24%
34,RSI<45,5日动量转负,7%,20%,25日,69,15.3%,103.3%,54%,-10.5%,9,1.17%
35,RSI<40,跌破MA20,10%,30%,30日,29,15.2%,102.8%,62%,-12.3%,20,2.75%
36,RSI<50,跌破MA20,10%,25%,30日,70,15.2%,102.4%,66%,-18.1%,13,1.18%
37,RSI<40,KDJ死叉+RSI>60,5%,15%,20日,31,15.2%,102.3%,65%,-13.9%,17,2.51%
38,RSI<45,跌破MA20,10%,25%,30日,46,15.1%,102.1%,61%,-18.1%,17,1.79%
39,RSI<40,RSI>75,10%,20%,25日,24,15.1%,101.4%,75%,-11.7%,23,3.22%
40,RSI<40,触布林上轨,5%,15%,20日,31,15.0%,101.3%,65%,-13.9%,15,2.48%
41,RSI<45,5日动量转负,7%,25%,30日,69,14.8%,99.7%,52%,-10.5%,9,1.14%
42,RSI<50,跌破MA20,7%,10%,15日,86,14.7%,98.7%,62%,-16.7%,9,0.91%
43,RSI<50,跌破MA20,10%,20%,25日,72,14.7%,98.2%,62%,-18.1%,12,1.11%
44,RSI<50,跌破MA20,7%,20%,25日,73,14.7%,98.0%,62%,-17.0%,12,1.09%
45,RSI<40,跌破MA20,10%,25%,30日,29,14.5%,96.8%,62%,-12.3%,20,2.62%
46,RSI<40,KDJ_J>80,5%,10%,15日,38,14.5%,96.7%,71%,-11.5%,8,1.91%
47,RSI<40,跌破MA60,7%,15%,20日,33,14.5%,96.6%,70%,-12.3%,13,2.26%
48,RSI<40,布林上轨+RSI>65,10%,20%,25日,24,14.4%,95.9%,75%,-11.7%,22,3.09%
49,RSI<40,RSI>70,10%,20%,25日,24,14.4%,95.7%,75%,-11.7%,22,3.08%
50,RSI<40,跌破MA20,7%,15%,20日,33,14.4%,95.5%,67%,-12.4%,14,2.27%
51,RSI<50,跌破MA20,5%,20%,25日,78,14.3%,94.8%,60%,-20.9%,11,0.99%
52,RSI<40,RSI>75,5%,20%,25日,30,14.2%,94.2%,67%,-27.6%,20,2.51%
53,RSI<45,跌破MA20,7%,10%,15日,55,14.2%,93.8%,60%,-12.9%,11,1.36%
54,RSI<40,MA5下穿MA60,10%,15%,20日,32,14.1%,93.4%,66%,-11.3%,15,2.24%
55,RSI<45,跌破MA20,10%,20%,25日,46,14.1%,93.2%,59%,-18.1%,16,1.66%
56,KDJ_J<20,MA空头排列初成,10%,15%,20日,57,14.0%,92.8%,49%,-17.4%,13,1.33%
57,RSI<40,5日动量转负,5%,10%,15日,50,14.0%,92.0%,58%,-10.5%,7,1.41%
58,RSI<45,跌破MA20,5%,10%,15日,59,14.0%,92.0%,58%,-14.6%,10,1.26%
59,RSI<35,5日动量转负,7%,10%,15日,21,13.9%,91.6%,71%,-4.5%,9,3.29%
60,RSI<40,MA5下穿MA60,7%,25%,30日,33,13.9%,91.5%,67%,-20.5%,18,2.23%
61,RSI<40,跌破MA20,10%,15%,20日,29,13.9%,91.4%,69%,-9.8%,16,2.44%
62,RSI<35,MA5下穿MA60,10%,15%,20日,17,13.9%,91.3%,71%,-4.6%,17,4.09%
63,RSI<35,5日动量转负,7%,25%,30日,21,13.9%,91.2%,71%,-4.5%,10,3.32%
64,RSI<35,5日动量转负,10%,25%,30日,21,13.9%,91.2%,71%,-4.5%,10,3.32%
65,KDJ_J<20,MA空头排列初成,7%,15%,20日,60,13.8%,91.1%,48%,-22.4%,12,1.27%
66,RSI<45,5日动量转负,7%,15%,20日,69,13.8%,90.9%,52%,-10.5%,9,1.07%
67,RSI<40,RSI>70,7%,15%,20日,29,13.8%,90.9%,59%,-12.3%,17,2.51%
68,RSI<40,RSI>75,7%,15%,20日,29,13.8%,90.9%,59%,-12.3%,17,2.51%
69,RSI<40,跌破MA20,7%,25%,30日,32,13.8%,90.8%,59%,-11.0%,18,2.30%
70,RSI<35,MA5下穿MA60,5%,15%,20日,19,13.7%,90.2%,68%,-6.4%,15,3.65%
71,RSI<35,5日动量转负,5%,10%,15日,22,13.7%,90.1%,73%,-5.7%,9,3.11%
72,RSI<45,跌破MA20,10%,15%,20日,50,13.7%,90.0%,56%,-22.8%,13,1.52%
73,KDJ_J<20,RSI>70,7%,15%,20日,46,13.7%,89.7%,59%,-17.4%,17,1.62%
74,RSI<40,KDJ_J>80,5%,20%,25日,36,13.7%,89.5%,75%,-13.3%,9,1.91%
75,RSI<40,MA5下穿MA60,10%,30%,30日,32,13.6%,89.4%,69%,-26.2%,20,2.35%
76,RSI<45,5日动量转负,10%,25%,30日,68,13.6%,89.1%,54%,-11.8%,9,1.06%
77,RSI<45,5日动量转负,10%,30%,30日,68,13.6%,89.1%,54%,-11.8%,9,1.06%
78,RSI<40,RSI>70,5%,20%,25日,30,13.6%,88.7%,67%,-27.6%,20,2.41%
79,RSI<40,5日动量转负,7%,10%,15日,49,13.5%,88.3%,61%,-10.5%,8,1.41%
80,KDJ_J<20,布林上轨+RSI>65,7%,15%,20日,46,13.5%,87.9%,59%,-17.4%,16,1.59%
81,RSI<40,布林上轨+RSI>65,5%,20%,25日,30,13.4%,87.7%,67%,-27.6%,19,2.39%
82,KDJ_J<20,MA空头排列初成,5%,15%,20日,62,13.4%,87.7%,47%,-20.5%,12,1.20%
83,RSI<45,5日动量转负,5%,20%,25日,74,13.4%,87.4%,51%,-11.7%,8,0.99%
84,RSI<40,KDJ_J>80,7%,20%,25日,33,13.4%,87.0%,76%,-11.5%,10,2.05%
85,RSI<40,KDJ_J>80,7%,25%,30日,33,13.4%,87.0%,76%,-11.5%,10,2.05%
86,RSI<40,放量滞涨,10%,20%,25日,24,13.4%,87.0%,79%,-11.7%,23,2.89%
87,RSI<40,RSI>60,5%,15%,20日,31,13.3%,86.4%,65%,-13.9%,15,2.21%
88,RSI<40,RSI>80,10%,20%,25日,24,13.2%,85.8%,75%,-11.7%,24,2.86%
89,RSI<40,RSI>70+MACD死叉,10%,20%,25日,24,13.2%,85.8%,75%,-11.7%,24,2.86%
90,KDJ_J<20,RSI>75,7%,15%,20日,44,13.2%,85.7%,59%,-17.4%,18,1.63%
91,KDJ_J<20,RSI>65,7%,15%,20日,46,13.2%,85.4%,59%,-17.4%,16,1.56%
92,RSI<40,布林上轨+RSI>65,7%,15%,20日,29,13.1%,85.1%,59%,-12.3%,17,2.39%
93,RSI<40,RSI>65,10%,20%,25日,24,13.1%,85.1%,75%,-11.7%,21,2.83%
94,RSI<45,5日动量转负,10%,15%,20日,68,13.1%,85.0%,54%,-11.8%,9,1.03%
95,RSI<40,MA5下穿MA60,10%,25%,30日,32,13.0%,83.8%,69%,-26.2%,19,2.23%
96,KDJ_J<20,RSI>75,10%,15%,20日,41,12.9%,83.3%,61%,-14.0%,19,1.68%
97,RSI<35,RSI>65,10%,15%,20日,15,12.8%,82.9%,73%,-4.6%,19,4.33%
98,RSI<35,布林上轨+RSI>65,10%,15%,20日,15,12.8%,82.9%,73%,-4.6%,19,4.33%
99,RSI<35,5日动量转负,7%,15%,20日,21,12.8%,82.7%,71%,-4.5%,10,3.03%
100,RSI<35,5日动量转负,10%,15%,20日,21,12.8%,82.7%,71%,-4.5%,10,3.03%
101,RSI<35,5日动量转负,7%,20%,25日,21,12.8%,82.3%,71%,-4.5%,10,3.04%
102,RSI<35,5日动量转负,10%,20%,25日,21,12.8%,82.3%,71%,-4.5%,10,3.04%
103,RSI<45,跌破MA20,5%,20%,25日,55,12.8%,82.2%,58%,-20.9%,13,1.27%
104,RSI<35,MA5下穿MA60,7%,15%,20日,17,12.8%,82.2%,71%,-8.7%,16,3.82%
105,RSI<40,KDJ_J>80,5%,15%,20日,36,12.7%,82.0%,69%,-13.3%,9,1.79%
106,RSI<45,5日动量转负,5%,15%,20日,74,12.7%,81.9%,51%,-11.7%,8,0.94%
107,RSI<40,KDJ_J>80,10%,20%,25日,31,12.7%,81.9%,74%,-12.0%,11,2.07%
108,RSI<40,KDJ_J>80,10%,25%,30日,31,12.7%,81.9%,74%,-12.0%,11,2.07%
109,RSI<40,KDJ_J>80,10%,30%,30日,31,12.7%,81.9%,74%,-12.0%,11,2.07%
110,RSI<35,RSI>65,5%,15%,20日,17,12.7%,81.8%,71%,-6.4%,17,3.80%
111,RSI<35,布林上轨+RSI>65,5%,15%,20日,17,12.7%,81.8%,71%,-6.4%,17,3.80%
112,RSI<35,RSI>70,10%,15%,20日,15,12.7%,81.8%,73%,-4.6%,19,4.28%
113,RSI<35,RSI>75,10%,15%,20日,15,12.7%,81.8%,73%,-4.6%,19,4.28%
114,RSI<35,RSI>80,10%,15%,20日,15,12.7%,81.8%,73%,-4.6%,19,4.28%
115,RSI<35,放量滞涨,10%,15%,20日,15,12.7%,81.8%,73%,-4.6%,19,4.28%
116,RSI<35,RSI>70+MACD死叉,10%,15%,20日,15,12.7%,81.8%,73%,-4.6%,19,4.28%
117,RSI<35,KDJ死叉+RSI>60,10%,15%,20日,15,12.7%,81.8%,73%,-4.6%,19,4.28%
118,RSI<35,RSI顶背离,10%,15%,20日,15,12.7%,81.8%,73%,-4.6%,19,4.28%
119,RSI<35,5日动量转负,10%,30%,30日,21,12.7%,81.6%,71%,-4.5%,11,3.02%
120,RSI<35,5日动量转负,5%,15%,20日,22,12.6%,81.2%,73%,-5.7%,9,2.86%
121,RSI<35,触布林上轨,10%,15%,20日,15,12.6%,81.1%,73%,-4.6%,17,4.25%
122,RSI<35,RSI>70,5%,15%,20日,17,12.6%,80.8%,71%,-6.4%,17,3.77%
123,RSI<35,RSI>75,5%,15%,20日,17,12.6%,80.8%,71%,-6.4%,17,3.77%
124,RSI<35,RSI>80,5%,15%,20日,17,12.6%,80.8%,71%,-6.4%,17,3.77%
125,RSI<35,放量滞涨,5%,15%,20日,17,12.6%,80.8%,71%,-6.4%,17,3.77%
126,RSI<35,RSI>70+MACD死叉,5%,15%,20日,17,12.6%,80.8%,71%,-6.4%,17,3.77%
127,RSI<35,KDJ死叉+RSI>60,5%,15%,20日,17,12.6%,80.8%,71%,-6.4%,17,3.77%
128,RSI<35,RSI顶背离,5%,15%,20日,17,12.6%,80.8%,71%,-6.4%,17,3.77%
129,RSI<35,5日动量转负,5%,20%,25日,22,12.6%,80.8%,73%,-5.7%,10,2.87%
130,RSI<40,RSI>65,7%,15%,20日,29,12.6%,80.8%,59%,-12.3%,17,2.30%
131,RSI<40,放量滞涨,7%,15%,20日,29,12.6%,80.5%,62%,-12.3%,17,2.30%
132,RSI<40,放量滞涨,5%,20%,25日,30,12.5%,80.3%,70%,-27.6%,20,2.25%
133,RSI<35,触布林上轨,5%,15%,20日,17,12.5%,80.1%,71%,-6.4%,15,3.74%
134,RSI<40,KDJ_J>80,7%,10%,15日,37,12.5%,79.7%,70%,-15.2%,8,1.74%
135,RSI<40,RSI>80,5%,20%,25日,30,12.4%,79.1%,67%,-27.6%,20,2.23%
136,RSI<40,RSI>70+MACD死叉,5%,20%,25日,30,12.4%,79.1%,67%,-27.6%,20,2.23%
137,RSI<40,RSI顶背离,10%,20%,25日,24,12.4%,79.0%,75%,-11.7%,23,2.69%
138,RSI<40,KDJ_J>80,7%,15%,20日,34,12.4%,78.9%,68%,-11.7%,9,1.87%
139,RSI<45,5日动量转负,7%,10%,15日,70,12.2%,78.1%,53%,-10.5%,8,0.93%
140,KDJ_J<20,布林上轨+RSI>65,5%,15%,20日,48,12.2%,78.0%,56%,-18.0%,15,1.39%
141,KDJ_J<20,RSI>70,5%,15%,20日,48,12.2%,77.8%,56%,-18.0%,16,1.39%
142,价格触布林下轨,RSI>70,5%,15%,20日,19,12.2%,77.6%,68%,-13.3%,17,3.29%
143,RSI<40,RSI>65,5%,20%,25日,30,12.2%,77.4%,67%,-27.6%,18,2.18%
144,RSI<40,RSI>80,7%,15%,20日,29,12.1%,76.6%,59%,-12.3%,18,2.23%
145,RSI<40,RSI>70+MACD死叉,7%,15%,20日,29,12.1%,76.6%,59%,-12.3%,18,2.23%
146,RSI<40,连续3阴,5%,10%,15日,72,12.1%,76.5%,42%,-12.0%,4,0.85%
147,RSI<40,连续3阴,7%,10%,15日,72,12.1%,76.5%,42%,-12.0%,4,0.85%
148,RSI<40,跌破MA60,10%,15%,20日,29,12.0%,76.5%,72%,-11.3%,15,2.12%
149,RSI<40,KDJ死叉+RSI>60,10%,20%,25日,24,12.0%,76.3%,75%,-11.7%,23,2.62%
150,RSI<35,RSI>60,10%,15%,20日,15,12.0%,76.1%,73%,-4.6%,17,4.04%
151,RSI<40,RSI顶背离,7%,15%,20日,29,11.9%,75.7%,59%,-12.3%,17,2.21%
152,KDJ_J<20,RSI>65,5%,15%,20日,48,11.9%,75.6%,56%,-18.0%,15,1.36%
153,RSI<35,RSI>60,5%,15%,20日,17,11.9%,75.1%,71%,-6.4%,15,3.55%
154,RSI<40,RSI>70,10%,15%,20日,26,11.9%,75.0%,62%,-11.3%,19,2.39%
155,RSI<40,RSI>75,10%,15%,20日,26,11.9%,75.0%,62%,-11.3%,19,2.39%
156,RSI<45,5日动量转负,5%,10%,15日,75,11.8%,74.8%,51%,-11.7%,8,0.85%
157,RSI<35,RSI>65,7%,15%,20日,15,11.7%,74.1%,73%,-8.7%,18,4.02%
158,RSI<35,布林上轨+RSI>65,7%,15%,20日,15,11.7%,74.1%,73%,-8.7%,18,4.02%
159,价格触布林下轨,布林上轨+RSI>65,5%,15%,20日,19,11.7%,74.1%,68%,-13.3%,17,3.17%
160,RSI<40,触布林上轨,7%,25%,30日,25,11.7%,73.5%,68%,-20.5%,21,2.52%
161,RSI<35,RSI>70,7%,15%,20日,15,11.6%,73.2%,73%,-8.7%,19,3.98%
162,RSI<35,RSI>75,7%,15%,20日,15,11.6%,73.2%,73%,-8.7%,19,3.98%
163,RSI<35,RSI>80,7%,15%,20日,15,11.6%,73.2%,73%,-8.7%,19,3.98%
164,RSI<35,放量滞涨,7%,15%,20日,15,11.6%,73.2%,73%,-8.7%,19,3.98%
165,RSI<35,RSI>70+MACD死叉,7%,15%,20日,15,11.6%,73.2%,73%,-8.7%,19,3.98%
166,RSI<35,KDJ死叉+RSI>60,7%,15%,20日,15,11.6%,73.2%,73%,-8.7%,19,3.98%
167,RSI<35,RSI顶背离,7%,15%,20日,15,11.6%,73.2%,73%,-8.7%,19,3.98%
168,RSI<40,KDJ死叉+RSI>60,7%,15%,20日,29,11.6%,73.1%,59%,-12.3%,17,2.15%
169,RSI<50,跌破MA20,5%,10%,15日,89,11.6%,73.0%,58%,-15.8%,8,0.72%
170,RSI<40,KDJ_J>80,10%,15%,20日,31,11.6%,72.8%,68%,-10.9%,10,1.88%
171,RSI<40,触布林上轨,7%,15%,20日,29,11.6%,72.8%,59%,-12.3%,15,2.13%
172,KDJ_J<20,RSI>75,5%,15%,20日,46,11.6%,72.7%,57%,-18.0%,17,1.39%
173,RSI<40,RSI顶背离,5%,20%,25日,30,11.5%,72.6%,67%,-27.6%,20,2.10%
174,RSI<35,触布林上轨,7%,15%,20日,15,11.5%,72.5%,73%,-8.7%,17,3.95%
175,RSI<35,KDJ死叉,10%,15%,20日,15,11.5%,72.0%,73%,-4.6%,18,3.88%
176,KDJ_J<20,触布林上轨,5%,15%,20日,49,11.5%,72.0%,57%,-18.0%,14,1.28%
177,价格触布林下轨,RSI>70,10%,15%,20日,18,11.5%,72.0%,67%,-10.2%,18,3.29%
178,RSI<50,跌破MA20,10%,15%,20日,77,11.4%,71.8%,60%,-22.8%,10,0.86%
179,价格触布林下轨,跌破MA20,5%,20%,25日,21,11.4%,71.5%,71%,-13.3%,17,2.81%
180,RSI<35,KDJ死叉,5%,15%,20日,17,11.4%,71.3%,71%,-6.4%,16,3.42%
181,价格触布林下轨,布林上轨+RSI>65,5%,10%,15日,21,11.3%,70.9%,62%,-8.2%,13,2.77%
182,RSI<40,RSI>60,10%,20%,25日,24,11.3%,70.9%,75%,-11.7%,19,2.46%
183,KDJ_J<20,跌破MA60,7%,15%,20日,54,11.3%,70.8%,57%,-14.5%,13,1.16%
184,RSI<40,触布林上轨,10%,20%,25日,24,11.3%,70.8%,75%,-11.7%,19,2.46%
185,RSI<50,跌破MA20,7%,15%,20日,79,11.3%,70.7%,59%,-18.6%,10,0.81%
186,RSI<40,跌破MA60,5%,20%,25日,34,11.3%,70.7%,74%,-27.6%,15,1.77%
187,RSI<40,跌破MA20,5%,10%,15日,36,11.3%,70.5%,64%,-13.0%,11,1.63%
188,RSI<40,KDJ死叉+RSI>60,5%,20%,25日,30,11.2%,70.0%,67%,-27.6%,20,2.04%
189,RSI<40,布林上轨+RSI>65,10%,15%,20日,26,11.2%,69.7%,62%,-11.3%,19,2.27%
190,RSI<40,布林上轨+RSI>65,5%,10%,15日,35,11.2%,69.5%,54%,-23.0%,12,1.74%
191,RSI<40,RSI>65,5%,10%,15日,35,11.2%,69.5%,54%,-23.0%,12,1.74%
192,KDJ_J<20,RSI>80,7%,15%,20日,44,11.1%,69.5%,55%,-17.4%,18,1.42%
193,KDJ_J<20,RSI>70+MACD死叉,7%,15%,20日,44,11.1%,69.5%,55%,-17.4%,18,1.42%
194,KDJ_J<20,触布林上轨,7%,15%,20日,47,11.1%,69.2%,57%,-12.3%,15,1.32%
195,价格触布林下轨,布林上轨+RSI>65,10%,15%,20日,18,11.0%,68.6%,67%,-10.2%,18,3.17%
196,价格触布林下轨,跌破MA20,7%,15%,20日,21,11.0%,68.4%,71%,-11.7%,16,2.68%
197,价格触布林下轨,RSI>70,5%,10%,15日,21,11.0%,68.0%,62%,-8.2%,13,2.68%
198,RSI<45,跌破MA20,5%,15%,20日,56,10.9%,67.8%,55%,-20.9%,12,1.10%
199,价格触布林下轨,RSI>70,7%,15%,20日,18,10.9%,67.8%,67%,-11.7%,17,3.16%
200,RSI<35,RSI>60,7%,15%,20日,15,10.9%,67.7%,73%,-8.7%,17,3.73%
