排名,买入信号,卖出信号,交易次数,年化收益率,总收益率,胜率,最大回撤,平均持仓天数,平均每笔收益
1,RSI<40,MA5下穿MA60,36,15.7%,107.2%,64%,-12.3%,13,2.23%
2,RSI<45,跌破MA20,51,15.7%,106.8%,57%,-18.6%,13,1.61%
3,RSI<40,5日动量转负,49,15.5%,105.0%,65%,-10.5%,8,1.61%
4,RSI<40,跌破MA60,33,14.5%,96.6%,70%,-12.3%,13,2.26%
5,RSI<40,跌破MA20,33,14.4%,95.5%,67%,-12.4%,14,2.27%
6,KDJ_J<20,MA空头排列初成,60,13.8%,91.1%,48%,-22.4%,12,1.27%
7,RSI<45,5日动量转负,69,13.8%,90.9%,52%,-10.5%,9,1.07%
8,RSI<40,RSI>70,29,13.8%,90.9%,59%,-12.3%,17,2.51%
9,RSI<40,RSI>75,29,13.8%,90.9%,59%,-12.3%,17,2.51%
10,KDJ_J<20,RSI>70,46,13.7%,89.7%,59%,-17.4%,17,1.62%
11,KDJ_J<20,布林上轨+RSI>65,46,13.5%,87.9%,59%,-17.4%,16,1.59%
12,KDJ_J<20,RSI>75,44,13.2%,85.7%,59%,-17.4%,18,1.63%
13,KDJ_J<20,RSI>65,46,13.2%,85.4%,59%,-17.4%,16,1.56%
14,RSI<40,布林上轨+RSI>65,29,13.1%,85.1%,59%,-12.3%,17,2.39%
15,RSI<35,5日动量转负,21,12.8%,82.7%,71%,-4.5%,10,3.03%
16,RSI<35,MA5下穿MA60,17,12.8%,82.2%,71%,-8.7%,16,3.82%
17,RSI<40,RSI>65,29,12.6%,80.8%,59%,-12.3%,17,2.30%
18,RSI<40,放量滞涨,29,12.6%,80.5%,62%,-12.3%,17,2.30%
19,RSI<40,KDJ_J>80,34,12.4%,78.9%,68%,-11.7%,9,1.87%
20,RSI<40,RSI>80,29,12.1%,76.6%,59%,-12.3%,18,2.23%
21,RSI<40,RSI>70+MACD死叉,29,12.1%,76.6%,59%,-12.3%,18,2.23%
22,RSI<40,RSI顶背离,29,11.9%,75.7%,59%,-12.3%,17,2.21%
23,RSI<35,RSI>65,15,11.7%,74.1%,73%,-8.7%,18,4.02%
24,RSI<35,布林上轨+RSI>65,15,11.7%,74.1%,73%,-8.7%,18,4.02%
25,RSI<35,RSI>70,15,11.6%,73.2%,73%,-8.7%,19,3.98%
26,RSI<35,RSI>75,15,11.6%,73.2%,73%,-8.7%,19,3.98%
27,RSI<35,RSI>80,15,11.6%,73.2%,73%,-8.7%,19,3.98%
28,RSI<35,放量滞涨,15,11.6%,73.2%,73%,-8.7%,19,3.98%
29,RSI<35,RSI>70+MACD死叉,15,11.6%,73.2%,73%,-8.7%,19,3.98%
30,RSI<35,KDJ死叉+RSI>60,15,11.6%,73.2%,73%,-8.7%,19,3.98%
31,RSI<35,RSI顶背离,15,11.6%,73.2%,73%,-8.7%,19,3.98%
32,RSI<40,KDJ死叉+RSI>60,29,11.6%,73.1%,59%,-12.3%,17,2.15%
33,RSI<40,触布林上轨,29,11.6%,72.8%,59%,-12.3%,15,2.13%
34,RSI<35,触布林上轨,15,11.5%,72.5%,73%,-8.7%,17,3.95%
35,KDJ_J<20,跌破MA60,54,11.3%,70.8%,57%,-14.5%,13,1.16%
36,RSI<50,跌破MA20,79,11.3%,70.7%,59%,-18.6%,10,0.81%
37,KDJ_J<20,RSI>80,44,11.1%,69.5%,55%,-17.4%,18,1.42%
38,KDJ_J<20,RSI>70+MACD死叉,44,11.1%,69.5%,55%,-17.4%,18,1.42%
39,KDJ_J<20,触布林上轨,47,11.1%,69.2%,57%,-12.3%,15,1.32%
40,价格触布林下轨,跌破MA20,21,11.0%,68.4%,71%,-11.7%,16,2.68%
41,价格触布林下轨,RSI>70,18,10.9%,67.8%,67%,-11.7%,17,3.16%
42,RSI<35,RSI>60,15,10.9%,67.7%,73%,-8.7%,17,3.73%
43,KDJ_J<20,放量滞涨,44,10.7%,66.3%,55%,-17.4%,18,1.37%
44,RSI<40,RSI>60,29,10.6%,65.4%,59%,-12.3%,15,1.97%
45,价格触布林下轨,布林上轨+RSI>65,18,10.5%,64.5%,67%,-11.7%,17,3.04%
46,RSI<35,KDJ死叉,15,10.4%,63.8%,73%,-8.7%,17,3.57%
47,RSI<45,KDJ_J>80,55,10.3%,63.3%,67%,-25.3%,9,1.01%
48,RSI<40,连续3阴,72,10.2%,62.6%,42%,-12.0%,5,0.72%
49,KDJ_J<20,KDJ死叉+RSI>60,45,10.2%,62.2%,53%,-17.4%,18,1.29%
50,RSI<45,RSI>70,42,10.1%,62.0%,52%,-23.6%,16,1.40%
51,价格触布林下轨,RSI>65,18,10.1%,61.6%,67%,-11.7%,17,2.93%
52,RSI<35,跌破MA60,15,9.9%,60.2%,73%,-8.7%,17,3.40%
53,价格触布林下轨,触布林上轨,18,9.9%,60.2%,67%,-11.7%,16,2.87%
54,RSI<35,MA5下穿MA20,15,9.8%,59.3%,67%,-8.7%,18,3.40%
55,KDJ_J<20,RSI>60,47,9.8%,59.2%,57%,-12.3%,14,1.19%
56,KDJ金叉+RSI<50,MA5下穿MA20,30,9.7%,59.0%,63%,-25.3%,16,1.74%
57,KDJ_J<20,MA5下穿MA60,52,9.6%,58.0%,46%,-18.0%,15,1.09%
58,RSI<40,MA空头排列初成,36,9.6%,57.7%,50%,-12.2%,13,1.47%
59,布林下轨+RSI<40,跌破MA20,18,9.5%,57.4%,67%,-11.7%,16,2.75%
60,RSI<45,布林上轨+RSI>65,42,9.3%,56.0%,52%,-23.6%,16,1.30%
61,KDJ金叉+RSI<50,布林上轨+RSI>65,28,9.3%,56.0%,61%,-31.1%,16,1.82%
62,RSI<45,RSI>65,42,9.2%,55.5%,52%,-23.6%,16,1.29%
63,KDJ金叉+RSI<50,RSI>65,28,9.2%,55.5%,61%,-31.1%,16,1.81%
64,RSI<45,跌破MA60,53,9.2%,55.4%,62%,-23.6%,12,0.99%
65,KDJ金叉+RSI<50,RSI>70,28,9.2%,55.2%,61%,-31.1%,17,1.80%
66,KDJ金叉+RSI<50,RSI>75,28,9.2%,55.2%,61%,-31.1%,17,1.80%
67,价格触布林下轨,跌破MA60,19,9.2%,55.1%,68%,-11.7%,16,2.53%
68,RSI<45,触布林上轨,42,9.2%,54.9%,57%,-23.6%,14,1.25%
69,价格触布林下轨,RSI>60,18,9.1%,54.5%,67%,-11.7%,16,2.66%
70,价格触布林下轨,5日动量转负,22,9.1%,54.4%,64%,-8.2%,10,2.13%
71,RSI<35,跌破MA120,16,8.9%,52.8%,75%,-8.7%,14,2.90%
72,价格触布林下轨,MA5下穿MA20,18,8.8%,52.6%,61%,-11.7%,18,2.61%
73,价格触布林下轨,MA5下穿MA60,22,8.7%,51.5%,55%,-11.7%,13,2.09%
74,RSI<45,RSI>75,41,8.6%,51.2%,51%,-23.6%,17,1.25%
75,KDJ金叉+RSI<50,MA5下穿MA60,31,8.6%,50.9%,61%,-31.1%,16,1.53%
76,KDJ金叉+RSI<50,5日动量转负,44,8.6%,50.9%,45%,-10.7%,7,1.02%
77,KDJ金叉+RSI<50,RSI顶背离,28,8.4%,49.5%,61%,-31.1%,17,1.66%
78,KDJ金叉+RSI<50,RSI>80,28,8.3%,49.1%,61%,-31.1%,17,1.65%
79,KDJ金叉+RSI<50,RSI>70+MACD死叉,28,8.3%,49.1%,61%,-31.1%,17,1.65%
80,RSI<35,MA空头排列初成,16,8.3%,48.7%,56%,-11.1%,15,2.83%
81,RSI<45,RSI>60,42,8.2%,48.1%,57%,-23.6%,14,1.14%
82,KDJ_J<20,KDJ_J>80,52,8.2%,48.0%,62%,-13.9%,10,0.89%
83,价格触布林下轨,RSI>75,18,8.1%,47.8%,61%,-11.7%,18,2.43%
84,价格触布林下轨,RSI>80,18,8.1%,47.8%,61%,-11.7%,18,2.43%
85,价格触布林下轨,放量滞涨,18,8.1%,47.8%,61%,-11.7%,18,2.43%
86,价格触布林下轨,RSI>70+MACD死叉,18,8.1%,47.8%,61%,-11.7%,18,2.43%
87,价格触布林下轨,KDJ死叉+RSI>60,18,8.1%,47.8%,61%,-11.7%,18,2.43%
88,价格触布林下轨,RSI顶背离,18,8.1%,47.8%,61%,-11.7%,18,2.43%
89,RSI<50,5日动量转负,95,8.1%,47.5%,47%,-19.9%,8,0.51%
90,KDJ金叉+RSI<50,放量滞涨,28,8.0%,47.0%,61%,-31.1%,17,1.60%
91,KDJ金叉+RSI<50,KDJ死叉+RSI>60,28,7.9%,46.5%,61%,-31.1%,17,1.58%
92,RSI<35,跌破MA20,15,7.8%,45.6%,73%,-8.7%,17,2.75%
93,KDJ金叉+RSI<50,KDJ死叉,30,7.7%,45.1%,67%,-24.2%,14,1.41%
94,RSI<45,MA5下穿MA60,48,7.5%,43.2%,44%,-23.6%,14,0.95%
95,布林下轨+RSI<40,5日动量转负,20,7.5%,43.2%,60%,-8.2%,10,1.95%
96,布林下轨+RSI<40,跌破MA60,17,7.4%,43.1%,65%,-11.7%,15,2.33%
97,RSI<40,MA5下穿MA20,32,7.4%,42.6%,59%,-28.2%,15,1.33%
98,布林下轨+RSI<40,MA5下穿MA20,16,7.2%,41.4%,62%,-11.7%,17,2.43%
99,布林下轨+RSI<40,放量滞涨,16,7.0%,40.5%,62%,-11.7%,18,2.39%
100,KDJ_J<20,RSI顶背离,45,6.9%,39.8%,51%,-17.4%,16,0.94%
101,RSI<40,跌破MA120,35,6.8%,39.1%,54%,-12.3%,12,1.13%
102,站上MA120,跌破MA120,31,6.8%,38.9%,29%,-9.4%,8,1.17%
103,KDJ金叉+RSI<50,跌破MA20,31,6.8%,38.8%,61%,-24.2%,13,1.22%
104,RSI<45,放量滞涨,41,6.7%,38.3%,51%,-23.6%,17,1.02%
105,价格触布林下轨,KDJ死叉,18,6.7%,38.3%,61%,-11.7%,16,2.01%
106,布林下轨+RSI<40,MA5下穿MA60,19,6.7%,38.2%,58%,-11.7%,12,1.91%
107,KDJ_J<20,5日动量转负,66,6.7%,38.0%,47%,-15.8%,10,0.61%
108,布林下轨+RSI<40,RSI>70,16,6.6%,37.5%,56%,-11.7%,18,2.25%
109,布林下轨+RSI<40,RSI>75,16,6.6%,37.5%,56%,-11.7%,18,2.25%
110,布林下轨+RSI<40,RSI>80,16,6.6%,37.5%,56%,-11.7%,18,2.25%
111,布林下轨+RSI<40,RSI>70+MACD死叉,16,6.6%,37.5%,56%,-11.7%,18,2.25%
112,布林下轨+RSI<40,KDJ死叉+RSI>60,16,6.6%,37.5%,56%,-11.7%,18,2.25%
113,布林下轨+RSI<40,布林上轨+RSI>65,16,6.6%,37.5%,56%,-11.7%,18,2.25%
114,布林下轨+RSI<40,RSI顶背离,16,6.6%,37.5%,56%,-11.7%,18,2.25%
115,站上MA120,MA5下穿MA20,18,6.5%,37.1%,56%,-8.1%,16,1.90%
116,KDJ金叉+RSI<50,触布林上轨,28,6.4%,36.2%,64%,-31.1%,13,1.30%
117,布林下轨+RSI<40,触布林上轨,16,6.3%,35.8%,56%,-11.7%,16,2.16%
118,RSI<45,RSI>80,40,6.2%,35.3%,50%,-23.6%,17,0.99%
119,RSI<45,RSI>70+MACD死叉,40,6.2%,35.3%,50%,-23.6%,17,0.99%
120,布林下轨+RSI<40,RSI>65,16,6.2%,35.0%,56%,-11.7%,18,2.13%
121,KDJ金叉+RSI<50,连续3阴,45,6.0%,33.6%,51%,-14.0%,6,0.75%
122,RSI<45,RSI顶背离,40,5.9%,33.2%,50%,-23.6%,17,0.95%
123,站上MA120,放量滞涨,15,5.9%,33.0%,73%,-10.1%,18,2.06%
124,RSI<35,MACD死叉,16,5.8%,32.7%,50%,-9.4%,15,2.03%
125,RSI<40,KDJ死叉,30,5.8%,32.7%,63%,-23.7%,15,1.16%
126,RSI<35,MACD零轴下死叉,16,5.8%,32.5%,50%,-9.4%,15,2.02%
127,站上MA120,跌破MA60,21,5.7%,31.6%,57%,-16.5%,13,1.45%
128,布林下轨+RSI<40,RSI>60,16,5.6%,31.0%,56%,-11.7%,16,1.92%
129,RSI<45,KDJ死叉+RSI>60,40,5.5%,30.6%,50%,-23.6%,17,0.89%
130,KDJ_J<20,跌破MA20,62,5.4%,29.9%,45%,-22.9%,11,0.56%
131,站上MA120,RSI>75,15,5.3%,29.5%,73%,-15.6%,17,1.90%
132,布林下轨+RSI<40,KDJ死叉,16,5.3%,29.3%,62%,-11.7%,16,1.83%
133,KDJ金叉+RSI<50,跌破MA60,32,5.3%,29.2%,66%,-31.1%,12,0.95%
134,RSI<40,MACD零轴下死叉,33,5.3%,29.2%,55%,-14.9%,15,0.95%
135,KDJ金叉+RSI<50,RSI>60,28,5.2%,28.7%,61%,-31.1%,14,1.08%
136,MACD金叉,5日动量转负,50,5.2%,28.6%,38%,-16.7%,6,0.63%
137,布林下轨+RSI<40,跌破MA120,17,5.1%,28.1%,53%,-11.7%,14,1.70%
138,MA5上穿MA60,RSI>75,18,5.0%,27.8%,50%,-11.0%,17,1.50%
139,KDJ_J<20,跌破MA120,52,5.0%,27.8%,44%,-23.1%,14,0.66%
140,RSI<35,连续3阴,33,4.9%,26.7%,42%,-8.9%,5,0.76%
141,MACD金叉,MA5下穿MA20,38,4.8%,26.5%,42%,-20.9%,14,0.84%
142,站上MA120,跌破MA20,23,4.7%,26.0%,48%,-16.0%,12,1.15%
143,站上MA120,RSI>70,15,4.7%,25.9%,73%,-15.6%,17,1.69%
144,价格触布林下轨,MACD零轴下死叉,20,4.7%,25.5%,60%,-13.3%,16,1.35%
145,价格触布林下轨,跌破MA120,19,4.5%,24.9%,47%,-11.7%,14,1.39%
146,站上MA120,RSI>65,15,4.5%,24.7%,73%,-13.0%,15,1.63%
147,RSI<35,KDJ_J>80,15,4.5%,24.4%,67%,-8.7%,12,1.57%
148,布林下轨+RSI<40,连续3阴,26,4.4%,23.9%,31%,-4.1%,4,0.87%
149,缩量回调(量比<0.7),KDJ死叉+RSI>60,30,4.4%,23.7%,60%,-17.0%,16,0.88%
150,站上MA120,MACD零轴下死叉,20,4.3%,23.6%,50%,-15.6%,16,1.28%
151,缩量回调(量比<0.7),RSI>75,28,4.3%,23.1%,54%,-17.1%,17,0.95%
152,价格触布林下轨,KDJ_J>80,18,4.1%,22.4%,61%,-11.7%,11,1.26%
153,价格触布林下轨,MACD死叉,20,4.1%,22.2%,65%,-13.3%,14,1.20%
154,价格触布林下轨,连续3阴,28,4.1%,22.2%,25%,-3.2%,4,0.76%
155,RSI<40,MACD死叉,33,4.1%,22.1%,55%,-14.9%,14,0.76%
156,站上MA120,触布林上轨,16,4.0%,21.8%,75%,-16.5%,12,1.37%
157,站上MA120,RSI>60,15,4.0%,21.7%,87%,-8.6%,11,1.38%
158,站上MA120,RSI>80,15,4.0%,21.7%,67%,-15.6%,19,1.50%
159,站上MA120,布林上轨+RSI>65,15,4.0%,21.4%,73%,-15.6%,16,1.44%
160,缩量回调(量比<0.7),连续3阴,38,4.0%,21.4%,37%,-8.4%,6,0.59%
161,MA多头排列初成,跌破MA60,32,3.9%,21.3%,44%,-24.0%,14,0.83%
162,站上MA120,MA空头排列初成,20,3.8%,20.6%,45%,-17.0%,14,1.12%
163,站上MA120,KDJ_J>80,23,3.8%,20.4%,70%,-7.0%,4,0.84%
164,RSI<45,KDJ死叉,43,3.8%,20.3%,53%,-28.3%,15,0.63%
165,站上MA120,MACD死叉,21,3.7%,20.1%,43%,-13.7%,13,1.03%
166,站上MA120,RSI顶背离,15,3.7%,19.8%,67%,-15.6%,19,1.38%
167,站上MA120,RSI>70+MACD死叉,15,3.6%,19.4%,67%,-15.6%,19,1.36%
168,MA5上穿MA60,跌破MA120,19,3.6%,19.4%,53%,-9.1%,16,1.03%
169,布林下轨+RSI<40,MACD零轴下死叉,18,3.6%,19.3%,61%,-13.3%,15,1.19%
170,布林下轨+RSI<40,MACD死叉,18,3.6%,19.1%,61%,-13.3%,15,1.18%
171,站上MA120,MA5下穿MA60,18,3.5%,18.5%,61%,-19.5%,16,1.11%
172,RSI<45,MA空头排列初成,54,3.4%,18.1%,39%,-21.9%,12,0.49%
173,站上MA120,KDJ死叉,18,3.4%,18.1%,67%,-7.1%,12,0.99%
174,MA5上穿MA60,RSI>80,18,3.3%,17.7%,50%,-11.0%,18,1.02%
175,MA5上穿MA60,MACD零轴下死叉,19,3.3%,17.5%,47%,-7.6%,15,0.94%
176,站上MA120,连续3阴,23,3.3%,17.4%,52%,-12.1%,7,0.78%
177,MA5上穿MA60,放量滞涨,18,3.2%,17.3%,50%,-8.0%,18,0.98%
178,KDJ金叉+RSI<50,KDJ_J>80,33,3.1%,16.7%,76%,-26.0%,6,0.56%
179,布林下轨+RSI<40,MA空头排列初成,17,3.0%,15.9%,41%,-13.1%,13,1.07%
180,KDJ_J<20,MA5下穿MA20,58,3.0%,15.9%,41%,-30.2%,13,0.40%
181,KDJ金叉,跌破MA20,51,2.9%,15.5%,41%,-24.5%,10,0.41%
182,价格触布林下轨,MA空头排列初成,19,2.8%,14.8%,42%,-13.9%,12,0.91%
183,MACD金叉,跌破MA20,47,2.8%,14.7%,30%,-18.7%,9,0.46%
184,RSI<30,RSI>60,4,2.8%,14.6%,100%,0.0%,18,3.49%
185,RSI<30,触布林上轨,4,2.8%,14.6%,100%,0.0%,18,3.49%
186,放量突破(量比>2),触布林上轨,5,2.7%,14.1%,100%,0.0%,3,2.71%
187,RSI<30,KDJ死叉,4,2.6%,13.9%,100%,0.0%,19,3.34%
188,KDJ金叉+RSI<50,MACD零轴下死叉,35,2.6%,13.8%,43%,-27.9%,14,0.57%
189,MA20上穿MA60,放量滞涨,11,2.6%,13.6%,64%,-11.1%,18,1.26%
190,MA5上穿MA60,RSI>70+MACD死叉,18,2.6%,13.5%,50%,-11.0%,19,0.80%
191,放量突破(量比>2),布林上轨+RSI>65,5,2.6%,13.5%,80%,-2.4%,8,2.61%
192,价格触布林中轨,KDJ_J>80,71,2.5%,13.2%,65%,-14.3%,7,0.26%
193,缩量回调(量比<0.7),KDJ死叉,35,2.5%,12.9%,57%,-16.7%,10,0.46%
194,RSI<30,跌破MA60,4,2.4%,12.6%,100%,0.0%,19,3.01%
195,RSI<50,MA5下穿MA60,56,2.4%,12.4%,43%,-27.6%,14,0.40%
196,10日动量转正,跌破MA120,43,2.2%,11.3%,42%,-24.5%,14,0.48%
197,MACD金叉,连续3阴,50,2.0%,10.6%,36%,-26.8%,5,0.33%
198,RSI<30,KDJ_J>80,4,2.0%,10.3%,100%,0.0%,11,2.49%
199,MA20上穿MA60,连续3阴,11,2.0%,10.2%,45%,-9.0%,6,0.99%
200,RSI<45,跌破MA120,50,1.9%,10.0%,46%,-23.6%,12,0.36%
