排名,买入信号,卖出信号,止损,止盈,时间止损(天),年化收益,累计收益,胜率,交易次数,平均持有(天),平均收益/笔,最大回撤
1,RSI<30,RSI>70,7%,10%,30,28.88%,214.01%,87.5%,24,20.2,5.03%,-7.21%
2,RSI<30,RSI>75,7%,10%,30,28.00%,204.42%,87.0%,23,21.7,5.12%,-7.21%
3,RSI<30,RSI>70,15%,10%,30,27.14%,195.34%,87.0%,23,20.9,4.98%,-8.20%
4,RSI<30,RSI>70,10%,10%,30,26.53%,188.94%,87.0%,23,20.7,4.89%,-10.19%
5,RSI<30,RSI>80,7%,10%,30,26.47%,188.38%,81.8%,22,24.6,5.13%,-7.21%
6,RSI<30,RSI>75,15%,10%,30,26.27%,186.32%,86.4%,22,22.5,5.07%,-8.20%
7,BOLL<0.2,动量转负5,7%,30%,20,26.24%,185.96%,60.3%,58,9.1,2.01%,-10.65%
8,BOLL<0.2,动量转负5,7%,30%,30,26.00%,183.58%,60.3%,58,9.3,1.99%,-10.65%
9,BOLL<0.2,动量转负5,5%,30%,20,25.87%,182.27%,59.0%,61,8.7,1.90%,-10.29%
10,RSI<30,乖离20>0.05,7%,10%,30,25.70%,180.51%,82.6%,23,21.3,4.75%,-7.21%
11,RSI<30,RSI>75,10%,10%,30,25.66%,180.12%,86.4%,22,22.3,4.98%,-10.19%
12,RSI<30,RSI>70,10%,10%,20,25.21%,175.58%,82.6%,23,16.5,4.63%,-7.69%
13,RSI<30,RSI>70,15%,10%,20,25.21%,175.58%,82.6%,23,16.5,4.63%,-7.69%
14,BOLL<0.2,动量转负5,5%,30%,30,25.17%,175.24%,59.0%,61,8.8,1.85%,-10.29%
15,BOLL<0.2,动量转负5,10%,20%,30,25.12%,174.75%,63.2%,57,9.4,1.95%,-13.12%
16,BOLL<0.2,动量转负5,15%,20%,30,24.93%,172.88%,61.8%,55,9.8,1.99%,-11.96%
17,BOLL<0.2,动量转负5,5%,50%,15,24.91%,172.70%,59.0%,61,8.4,1.83%,-10.29%
18,BOLL<0.2,动量转负5,10%,20%,20,24.82%,171.82%,63.2%,57,9.2,1.93%,-13.12%
19,BOLL<0.2,动量转负5,7%,50%,20,24.80%,171.58%,60.3%,58,9.1,1.90%,-10.65%
20,RSI<30,RSI>70,7%,10%,20,24.79%,171.46%,79.2%,24,16.0,4.38%,-9.07%
21,RSI<30,RSI>80,15%,10%,30,24.77%,171.23%,81.0%,21,25.6,5.08%,-8.20%
22,BOLL<0.2,动量转负5,7%,20%,30,24.68%,170.36%,60.3%,58,9.1,1.88%,-10.65%
23,RSI<30,触20日高,7%,10%,30,24.59%,169.52%,87.0%,23,17.7,4.53%,-7.21%
24,BOLL<0.2,动量转负5,7%,50%,30,24.57%,169.32%,60.3%,58,9.4,1.88%,-10.65%
25,RSI<30,RSI>70,10%,30%,20,24.57%,169.28%,82.6%,23,17.4,4.53%,-7.69%
26,RSI<30,RSI>70,10%,50%,20,24.57%,169.28%,82.6%,23,17.4,4.53%,-7.69%
27,RSI<30,RSI>70,15%,30%,20,24.57%,169.28%,82.6%,23,17.4,4.53%,-7.69%
28,RSI<30,RSI>70,15%,50%,20,24.57%,169.28%,82.6%,23,17.4,4.53%,-7.69%
29,BOLL<0.2,动量转负5,10%,30%,20,24.56%,169.27%,63.2%,57,9.3,1.91%,-13.12%
30,BOLL<0.2,动量转负5,10%,50%,20,24.56%,169.27%,63.2%,57,9.3,1.91%,-13.12%
31,BOLL<0.2,动量转负5,5%,30%,15,24.51%,168.70%,59.0%,61,8.3,1.80%,-10.29%
32,BOLL<0.2,动量转负5,15%,20%,20,24.50%,168.65%,61.8%,55,9.5,1.96%,-12.38%
33,RSI<30,RSI>75,10%,10%,20,24.45%,168.19%,78.3%,23,17.0,4.51%,-7.69%
34,RSI<30,RSI>75,15%,10%,20,24.45%,168.19%,78.3%,23,17.0,4.51%,-7.69%
35,BOLL<0.2,动量转负5,5%,50%,20,24.44%,168.08%,59.0%,61,8.8,1.79%,-10.29%
36,BOLL<0.2,动量转负5,7%,20%,20,24.38%,167.47%,60.3%,58,8.8,1.87%,-10.65%
37,BOLL<0.2,动量转负5,7%,20%,20,24.38%,167.47%,60.3%,58,8.8,1.87%,-10.65%
38,RSI<30,RSI>70,10%,20%,20,24.28%,166.55%,82.6%,23,17.3,4.48%,-7.69%
39,RSI<30,RSI>70,15%,20%,20,24.28%,166.55%,82.6%,23,17.3,4.48%,-7.69%
40,BOLL<0.2,动量转负5,15%,30%,20,24.24%,166.14%,61.8%,55,9.6,1.94%,-12.38%
41,BOLL<0.2,动量转负5,15%,50%,20,24.24%,166.14%,61.8%,55,9.6,1.94%,-12.38%
42,BOLL<0.2,动量转负5,10%,10%,30,24.24%,166.14%,63.2%,57,8.7,1.87%,-13.12%
43,RSI<30,RSI>70,7%,30%,30,24.24%,166.08%,83.3%,24,22.0,4.33%,-7.21%
44,RSI<30,RSI>70,7%,50%,30,24.24%,166.08%,83.3%,24,22.0,4.33%,-7.21%
45,RSI<30,RSI>80,10%,10%,30,24.16%,165.36%,81.0%,21,25.4,4.98%,-10.19%
46,RSI<30,RSI>70,7%,30%,20,24.15%,165.25%,79.2%,24,16.9,4.29%,-9.07%
47,RSI<30,RSI>70,7%,50%,20,24.15%,165.25%,79.2%,24,16.9,4.29%,-9.07%
48,RSI<30,RSI>75,10%,30%,20,24.09%,164.72%,78.3%,23,18.0,4.47%,-7.69%
49,RSI<30,RSI>75,10%,50%,20,24.09%,164.72%,78.3%,23,18.0,4.47%,-7.69%
50,RSI<30,RSI>75,15%,30%,20,24.09%,164.72%,78.3%,23,18.0,4.47%,-7.69%
51,RSI<30,RSI>75,15%,50%,20,24.09%,164.72%,78.3%,23,18.0,4.47%,-7.69%
52,RSI<30,RSI>75,7%,10%,20,24.04%,164.18%,75.0%,24,16.4,4.27%,-9.07%
53,BOLL<0.2,动量转负5,5%,20%,20,24.02%,164.02%,59.0%,61,8.5,1.76%,-10.29%
54,BOLL<0.2,动量转负5,7%,50%,15,24.01%,163.92%,60.3%,58,8.6,1.87%,-10.65%
55,RSI<30,RSI>70,7%,20%,30,23.96%,163.38%,83.3%,24,21.9,4.28%,-7.21%
56,BOLL<0.2,动量转负5,10%,10%,20,23.95%,163.29%,63.2%,57,8.5,1.85%,-13.12%
57,RSI<30,乖离20>0.05,15%,10%,30,23.94%,163.28%,81.8%,22,22.1,4.67%,-8.20%
58,RSI<30,RSI>70,7%,20%,20,23.87%,162.56%,79.2%,24,16.8,4.23%,-9.07%
59,RSI<30,RSI>70,7%,20%,20,23.87%,162.56%,79.2%,24,16.8,4.23%,-9.07%
60,BOLL<0.2,动量转负5,5%,20%,30,23.85%,162.41%,59.0%,61,8.6,1.75%,-10.29%
61,BOLL<0.2,动量转负5,7%,30%,10,23.83%,162.15%,60.0%,60,7.4,1.76%,-9.55%
62,BOLL<0.2,动量转负5,7%,50%,10,23.83%,162.15%,60.0%,60,7.4,1.76%,-9.55%
63,RSI<30,BOLL>1.0,7%,10%,30,23.82%,162.13%,87.0%,23,18.6,4.42%,-7.21%
64,RSI<30,RSI>70,10%,15%,20,23.77%,161.60%,82.6%,23,17.1,4.38%,-7.69%
65,RSI<30,RSI>70,15%,15%,20,23.77%,161.60%,82.6%,23,17.1,4.38%,-7.69%
66,BOLL<0.2,动量转负5,7%,15%,30,23.77%,161.58%,60.3%,58,9.0,1.82%,-10.65%
67,RSI<30,RSI>65,7%,10%,30,23.75%,161.44%,87.5%,24,17.4,4.21%,-7.21%
68,BOLL<0.2,动量转负5,5%,50%,30,23.75%,161.40%,59.0%,61,8.9,1.74%,-10.29%
69,RSI<30,RSI>75,7%,30%,20,23.68%,160.76%,75.0%,24,17.4,4.23%,-9.07%
70,RSI<30,RSI>75,7%,50%,20,23.68%,160.76%,75.0%,24,17.4,4.23%,-9.07%
71,BOLL<0.2,动量转负5,7%,30%,15,23.61%,160.05%,60.3%,58,8.6,1.84%,-10.65%
72,RSI<30,放量滞涨,7%,10%,30,23.54%,159.42%,81.8%,22,24.2,4.61%,-7.21%
73,RSI<30,RSI>75,10%,20%,20,23.54%,159.40%,78.3%,23,17.8,4.36%,-7.69%
74,RSI<30,RSI>75,15%,20%,20,23.54%,159.40%,78.3%,23,17.8,4.36%,-7.69%
75,BOLL<0.2,动量转负5,5%,15%,15,23.51%,159.11%,59.0%,61,8.1,1.72%,-10.29%
76,RSI<30,RSI>75,7%,30%,30,23.47%,158.80%,82.6%,23,23.7,4.41%,-7.21%
77,RSI<30,RSI>75,7%,50%,30,23.47%,158.80%,82.6%,23,23.7,4.41%,-7.21%
78,BOLL<0.2,动量转负5,7%,15%,20,23.47%,158.78%,60.3%,58,8.7,1.80%,-10.65%
79,RSI<30,RSI>70,7%,15%,30,23.44%,158.49%,83.3%,24,21.7,4.18%,-7.21%
80,RSI<30,乖离20>0.05,10%,10%,20,23.38%,157.91%,78.3%,23,17.0,4.33%,-7.69%
81,RSI<30,乖离20>0.05,15%,10%,20,23.38%,157.91%,78.3%,23,17.0,4.33%,-7.69%
82,RSI<30,RSI>70,7%,15%,20,23.36%,157.69%,79.2%,24,16.6,4.14%,-9.07%
83,RSI<30,乖离20>0.05,10%,10%,30,23.34%,157.58%,81.8%,22,22.0,4.58%,-10.19%
84,BOLL<0.2,动量转负5,10%,30%,30,23.19%,156.10%,63.2%,57,9.6,1.80%,-13.12%
85,BOLL<0.2,动量转负5,10%,50%,30,23.19%,156.10%,63.2%,57,9.6,1.80%,-13.12%
86,RSI<30,触60日高,7%,10%,30,23.14%,155.68%,81.8%,22,22.7,4.53%,-7.21%
87,BOLL<0.2,动量转负5,15%,10%,30,23.14%,155.63%,61.8%,55,9.1,1.84%,-11.96%
88,BOLL<0.2,动量转负5,10%,10%,10,23.13%,155.59%,61.0%,59,7.3,1.72%,-9.55%
89,RSI<30,触20日高,15%,10%,30,23.13%,155.54%,86.4%,22,18.4,4.49%,-8.20%
90,RSI<30,RSI>75,7%,20%,20,23.12%,155.52%,75.0%,24,17.2,4.12%,-9.07%
91,RSI<30,RSI>75,7%,20%,20,23.12%,155.52%,75.0%,24,17.2,4.12%,-9.07%
92,BOLL<0.2,动量转负5,5%,15%,20,23.12%,155.44%,59.0%,61,8.4,1.69%,-10.29%
93,RSI<30,BOLL>0.9,7%,10%,30,23.11%,155.40%,87.0%,23,17.2,4.28%,-7.21%
94,BOLL<0.2,动量转负5,10%,10%,15,23.08%,155.14%,63.2%,57,8.1,1.80%,-13.12%
95,BOLL<0.2,动量转负5,7%,15%,10,23.03%,154.68%,60.0%,60,7.3,1.70%,-9.55%
96,BOLL<0.2,动量转负5,7%,20%,10,23.03%,154.68%,60.0%,60,7.3,1.70%,-9.55%
97,RSI<30,RSI>75,10%,15%,20,23.03%,154.59%,78.3%,23,17.6,4.26%,-7.69%
98,RSI<30,RSI>75,15%,15%,20,23.03%,154.59%,78.3%,23,17.6,4.26%,-7.69%
99,BOLL<0.2,动量转负5,15%,30%,30,23.00%,154.36%,61.8%,55,10.0,1.84%,-11.96%
100,BOLL<0.2,动量转负5,15%,50%,30,23.00%,154.36%,61.8%,55,10.0,1.84%,-11.96%
101,RSI<30,乖离20>0.05,7%,10%,20,22.97%,154.05%,75.0%,24,16.4,4.09%,-9.07%
102,BOLL<0.2,动量转负5,5%,15%,30,22.95%,153.89%,59.0%,61,8.5,1.68%,-10.29%
103,RSI<30,RSI>75,7%,20%,30,22.92%,153.60%,82.6%,23,23.6,4.31%,-7.21%
104,BOLL<0.2,动量转负5,10%,15%,30,22.90%,153.45%,63.2%,57,9.2,1.78%,-13.12%
105,BOLL<0.2,动量转负5,5%,10%,15,22.88%,153.23%,59.0%,61,7.7,1.66%,-10.29%
106,RSI<30,RSI>70,5%,10%,30,22.80%,152.52%,75.0%,24,18.7,4.13%,-12.22%
107,RSI<30,触60日高,10%,10%,20,22.73%,151.81%,78.3%,23,17.4,4.22%,-7.69%
108,RSI<30,触60日高,15%,10%,20,22.73%,151.81%,78.3%,23,17.4,4.22%,-7.69%
109,BOLL<0.2,动量转负5,15%,15%,30,22.72%,151.72%,61.8%,55,9.6,1.82%,-11.96%
110,BOLL<0.2,动量转负5,15%,10%,20,22.71%,151.68%,61.8%,55,8.8,1.81%,-12.38%
111,BOLL<0.2,动量转负5,5%,20%,15,22.69%,151.44%,59.0%,61,8.2,1.66%,-10.29%
112,BOLL<0.2,动量转负5,5%,30%,10,22.68%,151.39%,57.4%,61,7.2,1.67%,-10.73%
113,BOLL<0.2,动量转负5,5%,50%,10,22.68%,151.39%,57.4%,61,7.2,1.67%,-10.73%
114,RSI<30,乖离20>0.12,7%,10%,30,22.68%,151.39%,81.0%,21,25.3,4.68%,-7.21%
115,RSI<30,乖离20>0.08,7%,10%,30,22.68%,151.39%,81.0%,21,25.3,4.68%,-7.21%
116,RSI<30,RSI>65,10%,10%,20,22.66%,151.16%,82.6%,23,15.2,4.19%,-7.69%
117,RSI<30,RSI>65,15%,10%,20,22.66%,151.16%,82.6%,23,15.2,4.19%,-7.69%
118,RSI<30,RSI>75,7%,15%,20,22.61%,150.78%,75.0%,24,17.0,4.03%,-9.07%
119,BOLL<0.2,动量转负5,7%,15%,15,22.61%,150.76%,60.3%,58,8.3,1.75%,-10.65%
120,BOLL<0.2,动量转负5,10%,15%,20,22.61%,150.74%,63.2%,57,9.0,1.76%,-13.12%
121,RSI<30,RSI>70,15%,30%,30,22.56%,150.26%,82.6%,23,22.7,4.25%,-8.20%
122,RSI<30,RSI>70,15%,50%,30,22.56%,150.26%,82.6%,23,22.7,4.25%,-8.20%
123,BOLL<0.2,动量转负5,10%,15%,10,22.55%,150.16%,61.0%,59,7.5,1.68%,-9.55%
124,BOLL<0.2,动量转负5,10%,20%,10,22.55%,150.16%,61.0%,59,7.5,1.68%,-9.55%
125,BOLL<0.2,动量转负5,10%,30%,10,22.55%,150.16%,61.0%,59,7.5,1.68%,-9.55%
126,BOLL<0.2,动量转负5,10%,50%,10,22.55%,150.16%,61.0%,59,7.5,1.68%,-9.55%
127,RSI<30,触20日高,10%,10%,30,22.53%,150.01%,86.4%,22,18.2,4.40%,-10.19%
128,RSI<30,乖离20>0.05,10%,15%,20,22.52%,149.89%,78.3%,23,17.4,4.18%,-7.69%
129,RSI<30,乖离20>0.05,10%,20%,20,22.52%,149.89%,78.3%,23,17.4,4.18%,-7.69%
130,RSI<30,乖离20>0.05,10%,30%,20,22.52%,149.89%,78.3%,23,17.4,4.18%,-7.69%
131,RSI<30,乖离20>0.05,10%,50%,20,22.52%,149.89%,78.3%,23,17.4,4.18%,-7.69%
132,RSI<30,乖离20>0.05,15%,15%,20,22.52%,149.89%,78.3%,23,17.4,4.18%,-7.69%
133,RSI<30,乖离20>0.05,15%,20%,20,22.52%,149.89%,78.3%,23,17.4,4.18%,-7.69%
134,RSI<30,乖离20>0.05,15%,30%,20,22.52%,149.89%,78.3%,23,17.4,4.18%,-7.69%
135,RSI<30,乖离20>0.05,15%,50%,20,22.52%,149.89%,78.3%,23,17.4,4.18%,-7.69%
136,BOLL<0.2,动量转负5,5%,10%,20,22.49%,149.64%,59.0%,61,8.0,1.63%,-10.29%
137,RSI<30,RSI>80,7%,30%,30,22.42%,149.03%,77.3%,22,26.8,4.46%,-7.21%
138,RSI<30,RSI>80,7%,50%,30,22.42%,149.03%,77.3%,22,26.8,4.46%,-7.21%
139,RSI<30,RSI>75,7%,15%,30,22.41%,148.89%,82.6%,23,23.3,4.21%,-7.21%
140,RSI<30,触60日高,10%,20%,20,22.38%,148.59%,78.3%,23,18.0,4.17%,-7.69%
141,RSI<30,触60日高,15%,20%,20,22.38%,148.59%,78.3%,23,18.0,4.17%,-7.69%
142,RSI<30,BOLL>1.0,15%,10%,30,22.37%,148.53%,86.4%,22,19.4,4.38%,-8.20%
143,BOLL<0.2,动量转负5,5%,10%,30,22.33%,148.12%,59.0%,61,8.0,1.62%,-10.29%
144,RSI<30,触60日高,7%,10%,20,22.32%,148.04%,75.0%,24,16.8,3.99%,-9.07%
145,BOLL<0.2,动量转负5,15%,15%,20,22.29%,147.82%,61.8%,55,9.3,1.79%,-12.38%
146,RSI<30,RSI>70,15%,20%,30,22.28%,147.72%,82.6%,23,22.7,4.20%,-8.20%
147,RSI<30,触60日高,10%,30%,20,22.27%,147.62%,78.3%,23,18.4,4.15%,-7.69%
148,RSI<30,触60日高,10%,50%,20,22.27%,147.62%,78.3%,23,18.4,4.15%,-7.69%
149,RSI<30,触60日高,15%,30%,20,22.27%,147.62%,78.3%,23,18.4,4.15%,-7.69%
150,RSI<30,触60日高,15%,50%,20,22.27%,147.62%,78.3%,23,18.4,4.15%,-7.69%
151,RSI<30,RSI>75,5%,10%,30,22.25%,147.48%,73.9%,23,20.0,4.23%,-12.22%
152,RSI<30,RSI>65,7%,10%,20,22.25%,147.40%,79.2%,24,14.7,3.96%,-9.07%
153,RSI<30,BOLL>1.0,7%,30%,30,22.25%,147.39%,82.6%,23,20.3,4.26%,-7.21%
154,BOLL<0.2,动量转负5,7%,10%,30,22.23%,147.23%,60.3%,58,8.6,1.69%,-10.65%
155,RSI<30,乖离20>0.05,7%,20%,20,22.11%,146.15%,75.0%,24,16.8,3.95%,-9.07%
156,RSI<30,乖离20>0.05,7%,15%,20,22.11%,146.15%,75.0%,24,16.8,3.95%,-9.07%
157,RSI<30,乖离20>0.05,7%,20%,20,22.11%,146.15%,75.0%,24,16.8,3.95%,-9.07%
158,RSI<30,乖离20>0.05,7%,30%,20,22.11%,146.15%,75.0%,24,16.8,3.95%,-9.07%
159,RSI<30,乖离20>0.05,7%,50%,20,22.11%,146.15%,75.0%,24,16.8,3.95%,-9.07%
160,RSI<30,RSI>65,15%,10%,30,22.08%,145.89%,87.0%,23,18.0,4.12%,-8.20%
161,RSI<30,RSI>80,10%,10%,20,22.00%,145.12%,78.3%,23,18.4,4.11%,-7.69%
162,RSI<30,RSI>80,15%,10%,20,22.00%,145.12%,78.3%,23,18.4,4.11%,-7.69%
163,RSI<30,触60日高,7%,20%,20,21.97%,144.87%,75.0%,24,17.5,3.94%,-9.07%
164,RSI<30,触60日高,7%,20%,20,21.97%,144.87%,75.0%,24,17.5,3.94%,-9.07%
165,RSI<30,RSI>70,10%,30%,30,21.97%,144.84%,82.6%,23,22.6,4.16%,-10.19%
166,RSI<30,RSI>70,10%,50%,30,21.97%,144.84%,82.6%,23,22.6,4.16%,-10.19%
167,RSI<30,放量滞涨,7%,30%,30,21.96%,144.77%,77.3%,22,27.0,4.46%,-7.21%
168,BOLL<0.2,动量转负5,15%,10%,15,21.94%,144.64%,61.8%,55,8.2,1.77%,-13.16%
169,BOLL<0.2,动量转负5,7%,10%,20,21.94%,144.59%,60.3%,58,8.3,1.68%,-10.65%
170,BOLL<0.2,动量转负5,5%,15%,10,21.90%,144.22%,57.4%,61,7.1,1.61%,-10.73%
171,BOLL<0.2,动量转负5,5%,20%,10,21.90%,144.22%,57.4%,61,7.1,1.61%,-10.73%
172,RSI<30,RSI>80,7%,20%,30,21.87%,144.02%,77.3%,22,26.7,4.35%,-7.21%
173,RSI<30,放量滞涨,15%,10%,30,21.87%,144.00%,81.0%,21,25.2,4.54%,-8.20%
174,RSI<30,触60日高,10%,15%,20,21.87%,143.98%,78.3%,23,17.8,4.07%,-7.69%
175,RSI<30,触60日高,15%,15%,20,21.87%,143.98%,78.3%,23,17.8,4.07%,-7.69%
176,RSI<30,触60日高,7%,30%,20,21.86%,143.92%,75.0%,24,17.8,3.92%,-9.07%
177,RSI<30,触60日高,7%,50%,20,21.86%,143.92%,75.0%,24,17.8,3.92%,-9.07%
178,BOLL<0.2,动量转负5,15%,10%,10,21.85%,143.77%,60.3%,58,7.3,1.65%,-9.55%
179,RSI<30,RSI>70,5%,10%,20,21.82%,143.53%,75.0%,24,15.2,3.94%,-12.50%
180,RSI<30,RSI>75,15%,30%,30,21.81%,143.41%,81.8%,22,24.6,4.33%,-8.20%
181,RSI<30,RSI>75,15%,50%,30,21.81%,143.41%,81.8%,22,24.6,4.33%,-8.20%
182,RSI<30,RSI>65,10%,15%,20,21.80%,143.35%,82.6%,23,15.6,4.04%,-7.69%
183,RSI<30,RSI>65,10%,20%,20,21.80%,143.35%,82.6%,23,15.6,4.04%,-7.69%
184,RSI<30,RSI>65,10%,30%,20,21.80%,143.35%,82.6%,23,15.6,4.04%,-7.69%
185,RSI<30,RSI>65,10%,50%,20,21.80%,143.35%,82.6%,23,15.6,4.04%,-7.69%
186,RSI<30,RSI>65,15%,15%,20,21.80%,143.35%,82.6%,23,15.6,4.04%,-7.69%
187,RSI<30,RSI>65,15%,20%,20,21.80%,143.35%,82.6%,23,15.6,4.04%,-7.69%
188,RSI<30,RSI>65,15%,30%,20,21.80%,143.35%,82.6%,23,15.6,4.04%,-7.69%
189,RSI<30,RSI>65,15%,50%,20,21.80%,143.35%,82.6%,23,15.6,4.04%,-7.69%
190,BOLL<0.2,动量转负5,7%,20%,15,21.80%,143.34%,60.3%,58,8.4,1.69%,-10.65%
191,RSI<30,BOLL>1.0,10%,10%,30,21.78%,143.15%,86.4%,22,19.2,4.29%,-10.19%
192,RSI<30,RSI>70,15%,15%,30,21.77%,143.13%,82.6%,23,22.4,4.10%,-8.20%
193,BOLL<0.2,动量转负5,10%,15%,15,21.76%,142.97%,63.2%,57,8.6,1.71%,-13.12%
194,RSI<30,乖离20>0.12,10%,10%,20,21.71%,142.58%,78.3%,23,18.7,4.06%,-7.69%
195,RSI<30,乖离20>0.12,15%,10%,20,21.71%,142.58%,78.3%,23,18.7,4.06%,-7.69%
196,RSI<30,乖离20>0.08,10%,10%,20,21.71%,142.58%,78.3%,23,18.7,4.06%,-7.69%
197,RSI<30,乖离20>0.08,15%,10%,20,21.71%,142.58%,78.3%,23,18.7,4.06%,-7.69%
198,RSI<30,RSI>70,10%,20%,30,21.69%,142.36%,82.6%,23,22.5,4.11%,-10.19%
199,RSI<30,BOLL>0.9,15%,10%,30,21.67%,142.15%,86.4%,22,17.9,4.23%,-8.20%
200,RSI<30,RSI>80,10%,30%,20,21.64%,141.95%,78.3%,23,19.4,4.06%,-7.69%
