路径编号,5年总收益率,年化收益率,最大回撤,20万终值(万)
1,613.8%,48.2%,-15.2%,142.8
2,399.4%,37.9%,-18.7%,99.9
3,1588.9%,76.0%,-12.2%,337.8
4,549.9%,45.4%,-13.2%,130.0
5,720.1%,52.3%,-9.0%,164.0
6,747.6%,53.3%,-16.5%,169.5
7,605.2%,47.8%,-12.8%,141.0
8,1067.6%,63.5%,-12.9%,233.5
9,1379.1%,71.4%,-10.3%,295.8
10,499.2%,43.1%,-13.3%,119.8
11,914.2%,58.9%,-12.1%,202.8
12,1520.6%,74.6%,-10.5%,324.1
13,815.8%,55.7%,-19.5%,183.2
14,499.0%,43.1%,-16.5%,119.8
15,400.0%,38.0%,-12.3%,100.0
16,447.8%,40.5%,-16.5%,109.6
17,2241.1%,87.9%,-6.9%,468.2
18,335.3%,34.2%,-17.9%,87.1
19,933.8%,59.5%,-12.2%,206.8
20,760.8%,53.8%,-10.3%,172.2
21,1812.4%,80.4%,-10.3%,382.5
22,1346.4%,70.6%,-10.3%,289.3
23,799.7%,55.2%,-16.5%,179.9
24,676.2%,50.7%,-11.9%,155.2
25,726.4%,52.6%,-10.4%,165.3
26,600.3%,47.6%,-13.3%,140.1
27,670.0%,50.4%,-13.2%,154.0
28,1344.1%,70.6%,-10.3%,288.8
29,995.0%,61.4%,-10.3%,219.0
30,915.1%,59.0%,-17.6%,203.0
31,2382.6%,90.1%,-10.3%,496.5
32,224.9%,26.6%,-23.4%,65.0
33,634.7%,49.0%,-16.5%,146.9
34,2029.3%,84.4%,-6.9%,425.9
35,267.8%,29.8%,-23.8%,73.6
36,508.6%,43.5%,-19.1%,121.7
37,639.6%,49.2%,-20.7%,147.9
38,1492.5%,73.9%,-10.3%,318.5
39,1157.8%,65.9%,-10.3%,251.6
40,963.4%,60.5%,-10.3%,212.7
41,691.4%,51.2%,-27.9%,158.3
42,446.3%,40.4%,-16.5%,109.3
43,774.7%,54.3%,-10.3%,174.9
44,1037.3%,62.6%,-16.4%,227.5
45,446.8%,40.5%,-13.2%,109.4
46,678.6%,50.8%,-24.8%,155.7
47,653.5%,49.8%,-15.9%,150.7
48,1824.0%,80.7%,-10.3%,384.8
49,522.9%,44.2%,-10.3%,124.6
50,1680.7%,77.9%,-12.6%,356.1
51,221.0%,26.3%,-24.3%,64.2
52,781.0%,54.5%,-19.6%,176.2
53,1030.6%,62.4%,-6.9%,226.1
54,591.8%,47.2%,-16.6%,138.4
55,685.0%,51.0%,-7.1%,157.0
56,517.1%,43.9%,-17.2%,123.4
57,407.2%,38.4%,-26.4%,101.4
58,1108.2%,64.6%,-13.2%,241.6
59,255.9%,28.9%,-27.9%,71.2
60,889.8%,58.2%,-10.3%,198.0
61,635.9%,49.1%,-16.6%,147.2
62,956.3%,60.2%,-13.2%,211.3
63,458.3%,41.0%,-16.7%,111.7
64,1680.7%,77.9%,-10.3%,356.1
65,824.2%,56.0%,-10.3%,184.8
66,445.4%,40.4%,-24.6%,109.1
67,324.8%,33.5%,-18.4%,85.0
68,822.3%,55.9%,-23.0%,184.5
69,1078.2%,63.8%,-10.3%,235.6
70,663.2%,50.2%,-10.3%,152.6
71,492.7%,42.7%,-16.5%,118.5
72,363.4%,35.9%,-21.0%,92.7
73,405.5%,38.3%,-15.5%,101.1
74,247.2%,28.3%,-13.3%,69.4
75,271.5%,30.0%,-19.6%,74.3
76,996.7%,61.4%,-10.4%,219.3
77,623.5%,48.6%,-15.1%,144.7
78,821.6%,55.9%,-24.4%,184.3
79,657.3%,49.9%,-19.7%,151.5
80,1046.5%,62.9%,-10.3%,229.3
81,542.3%,45.1%,-13.3%,128.5
82,623.4%,48.5%,-10.4%,144.7
83,1554.4%,75.3%,-10.3%,330.9
84,525.8%,44.3%,-10.3%,125.2
85,735.3%,52.9%,-16.5%,167.1
86,861.2%,57.2%,-10.3%,192.2
87,975.0%,60.8%,-16.4%,215.0
88,318.0%,33.1%,-26.7%,83.6
89,351.9%,35.2%,-27.9%,90.4
90,649.9%,49.6%,-13.2%,150.0
91,519.1%,44.0%,-22.2%,123.8
92,829.4%,56.2%,-19.5%,185.9
93,2612.2%,93.5%,-9.9%,542.4
94,513.5%,43.7%,-21.7%,122.7
95,1695.0%,78.2%,-10.3%,359.0
96,718.4%,52.3%,-10.3%,163.7
97,419.7%,39.0%,-15.4%,103.9
98,1223.8%,67.6%,-10.3%,264.8
99,857.6%,57.1%,-10.3%,191.5
100,1434.2%,72.7%,-16.5%,306.8
101,186.7%,23.4%,-28.3%,57.3
102,1255.5%,68.4%,-10.1%,271.1
103,395.2%,37.7%,-20.9%,99.0
104,1029.0%,62.4%,-11.9%,225.8
105,792.5%,54.9%,-10.4%,178.5
106,851.3%,56.9%,-12.2%,190.3
107,794.0%,55.0%,-10.4%,178.8
108,2993.9%,98.7%,-10.4%,618.8
109,737.7%,53.0%,-11.4%,167.5
110,283.6%,30.8%,-13.8%,76.7
111,1136.3%,65.4%,-10.4%,247.3
112,1180.7%,66.5%,-12.9%,256.1
113,661.7%,50.1%,-10.4%,152.3
114,333.1%,34.1%,-20.9%,86.6
115,650.0%,49.6%,-10.3%,150.0
116,514.5%,43.8%,-18.8%,122.9
117,1186.6%,66.7%,-18.6%,257.3
118,602.6%,47.7%,-15.0%,140.5
119,794.3%,55.0%,-13.6%,178.9
120,728.6%,52.6%,-12.4%,165.7
121,2006.0%,83.9%,-6.9%,421.2
122,549.4%,45.4%,-21.8%,129.9
123,1235.1%,67.9%,-24.1%,267.0
124,744.6%,53.2%,-16.5%,168.9
125,281.1%,30.7%,-24.6%,76.2
126,1306.6%,69.7%,-13.5%,281.3
127,567.1%,46.2%,-20.8%,133.4
128,350.1%,35.1%,-21.7%,90.0
129,761.4%,53.8%,-14.2%,172.3
130,771.0%,54.2%,-21.3%,174.2
131,353.9%,35.3%,-17.8%,90.8
132,722.4%,52.4%,-10.3%,164.5
133,578.3%,46.6%,-13.4%,135.7
134,641.0%,49.3%,-12.1%,148.2
135,981.7%,61.0%,-10.3%,216.3
136,546.9%,45.3%,-18.7%,129.4
137,699.0%,51.5%,-16.5%,159.8
138,235.6%,27.4%,-27.7%,67.1
139,1078.3%,63.8%,-12.0%,235.7
140,809.8%,55.5%,-13.2%,182.0
141,729.9%,52.7%,-13.0%,166.0
142,1083.2%,63.9%,-15.6%,236.6
143,1583.3%,75.9%,-16.5%,336.7
144,605.7%,47.8%,-16.5%,141.1
145,1326.9%,70.2%,-2.2%,285.4
146,819.2%,55.8%,-10.4%,183.8
147,726.1%,52.5%,-15.1%,165.2
148,666.1%,50.3%,-19.2%,153.2
149,510.1%,43.6%,-12.2%,122.0
150,1110.5%,64.7%,-11.0%,242.1
151,320.5%,33.3%,-12.8%,84.1
152,745.3%,53.3%,-11.3%,169.1
153,203.6%,24.9%,-19.8%,60.7
154,493.5%,42.8%,-13.3%,118.7
155,605.0%,47.8%,-12.2%,141.0
156,810.7%,55.6%,-16.7%,182.1
157,618.2%,48.3%,-18.6%,143.6
158,867.9%,57.5%,-15.9%,193.6
159,811.7%,55.6%,-21.3%,182.3
160,658.3%,50.0%,-14.7%,151.7
161,891.7%,58.2%,-19.5%,198.3
162,481.9%,42.2%,-13.5%,116.4
163,783.2%,54.6%,-16.5%,176.6
164,808.0%,55.5%,-9.5%,181.6
165,1140.4%,65.5%,-10.3%,248.1
166,398.3%,37.9%,-15.3%,99.7
167,659.0%,50.0%,-10.3%,151.8
168,925.6%,59.3%,-15.3%,205.1
169,436.1%,39.9%,-23.6%,107.2
170,998.3%,61.5%,-10.3%,219.7
171,1161.6%,66.0%,-16.2%,252.3
172,467.5%,41.5%,-24.1%,113.5
173,520.7%,44.1%,-17.8%,124.1
174,864.5%,57.3%,-17.3%,192.9
175,697.3%,51.5%,-10.3%,159.5
176,405.9%,38.3%,-14.2%,101.2
177,815.5%,55.7%,-12.2%,183.1
178,295.8%,31.7%,-20.7%,79.2
179,1208.3%,67.2%,-16.4%,261.7
180,1442.9%,72.8%,-10.3%,308.6
181,575.7%,46.5%,-14.5%,135.1
182,665.3%,50.2%,-16.5%,153.1
183,482.0%,42.2%,-13.2%,116.4
184,117.0%,16.8%,-23.6%,43.4
185,414.2%,38.7%,-19.5%,102.8
186,509.5%,43.5%,-17.2%,121.9
187,1776.2%,79.7%,-11.9%,375.2
188,1617.1%,76.6%,-11.3%,343.4
189,1142.3%,65.5%,-25.4%,248.5
190,416.2%,38.9%,-25.3%,103.2
191,951.5%,60.1%,-10.3%,210.3
192,761.5%,53.8%,-17.8%,172.3
193,1617.0%,76.6%,-15.1%,343.4
194,1493.5%,74.0%,-21.6%,318.7
195,1853.6%,81.2%,-14.2%,390.7
196,642.4%,49.3%,-16.5%,148.5
197,1559.6%,75.4%,-15.2%,331.9
198,691.9%,51.3%,-13.8%,158.4
199,482.2%,42.2%,-16.6%,116.4
200,649.9%,49.6%,-15.6%,150.0
201,1456.4%,73.2%,-16.5%,311.3
202,1012.4%,61.9%,-21.9%,222.5
203,751.8%,53.5%,-16.0%,170.4
204,1635.7%,77.0%,-13.2%,347.1
205,125.9%,17.7%,-16.2%,45.2
206,901.7%,58.5%,-13.2%,200.3
207,1519.9%,74.5%,-10.3%,324.0
208,299.9%,31.9%,-22.3%,80.0
209,567.2%,46.2%,-13.0%,133.4
210,653.5%,49.8%,-12.0%,150.7
211,1244.6%,68.2%,-13.3%,268.9
212,536.4%,44.8%,-19.2%,127.3
213,1426.0%,72.5%,-9.0%,305.2
214,290.9%,31.3%,-14.9%,78.2
215,723.8%,52.5%,-13.2%,164.8
216,805.8%,55.4%,-16.5%,181.2
217,1164.4%,66.1%,-16.5%,252.9
218,557.3%,45.7%,-22.2%,131.5
219,859.3%,57.2%,-13.2%,191.9
220,616.3%,48.3%,-27.3%,143.3
221,291.8%,31.4%,-22.4%,78.4
222,520.1%,44.0%,-16.3%,124.0
223,777.2%,54.4%,-14.2%,175.4
224,521.1%,44.1%,-19.2%,124.2
225,611.7%,48.1%,-16.2%,142.3
226,392.2%,37.5%,-21.8%,98.4
227,1718.3%,78.6%,-6.9%,363.7
228,2091.4%,85.4%,-10.9%,438.3
229,1309.5%,69.8%,-17.9%,281.9
230,409.6%,38.5%,-20.2%,101.9
231,225.0%,26.6%,-23.3%,65.0
232,378.7%,36.8%,-16.2%,95.7
233,408.5%,38.4%,-25.6%,101.7
234,504.0%,43.3%,-22.2%,120.8
235,1081.6%,63.9%,-18.1%,236.3
236,641.2%,49.3%,-13.2%,148.2
237,303.1%,32.2%,-19.5%,80.6
238,226.2%,26.7%,-25.2%,65.2
239,406.1%,38.3%,-10.3%,101.2
240,2946.4%,98.0%,-3.3%,609.3
241,1173.3%,66.3%,-19.3%,254.7
242,1076.3%,63.7%,-10.3%,235.3
243,1748.5%,79.2%,-14.2%,369.7
244,1412.6%,72.2%,-11.8%,302.5
245,1339.1%,70.5%,-15.7%,287.8
246,1013.0%,61.9%,-10.3%,222.6
247,877.8%,57.8%,-10.3%,195.6
248,669.4%,50.4%,-11.6%,153.9
249,508.5%,43.5%,-24.9%,121.7
250,436.6%,39.9%,-10.4%,107.3
251,514.3%,43.8%,-14.5%,122.9
252,679.8%,50.8%,-19.1%,156.0
253,1599.4%,76.2%,-19.5%,339.9
254,553.0%,45.5%,-21.3%,130.6
255,531.7%,44.6%,-12.9%,126.3
256,357.5%,35.5%,-12.2%,91.5
257,615.8%,48.2%,-11.0%,143.2
258,1107.2%,64.6%,-16.5%,241.4
259,556.0%,45.7%,-19.6%,131.2
260,801.7%,55.2%,-11.1%,180.3
261,1406.1%,72.0%,-10.3%,301.2
262,473.0%,41.8%,-21.1%,114.6
263,319.4%,33.2%,-19.1%,83.9
264,855.5%,57.1%,-12.5%,191.1
265,502.6%,43.2%,-20.4%,120.5
266,533.6%,44.7%,-22.1%,126.7
267,499.8%,43.1%,-25.8%,120.0
268,1069.7%,63.5%,-10.4%,233.9
269,1056.0%,63.2%,-10.3%,231.2
270,876.2%,57.7%,-19.0%,195.2
271,387.0%,37.2%,-18.7%,97.4
272,364.5%,36.0%,-23.2%,92.9
273,898.3%,58.4%,-10.3%,199.7
274,1542.0%,75.0%,-6.9%,328.4
275,667.4%,50.3%,-16.5%,153.5
276,877.9%,57.8%,-10.3%,195.6
277,918.7%,59.1%,-19.5%,203.7
278,1842.9%,81.0%,-6.9%,388.6
279,1090.7%,64.1%,-19.5%,238.1
280,763.2%,53.9%,-15.2%,172.6
281,435.2%,39.9%,-17.9%,107.0
282,1495.5%,74.0%,-10.3%,319.1
283,118.3%,16.9%,-33.7%,43.7
284,963.9%,60.5%,-10.3%,212.8
285,1122.3%,65.0%,-10.3%,244.5
286,769.4%,54.1%,-10.4%,173.9
287,837.5%,56.5%,-14.6%,187.5
288,1004.0%,61.7%,-18.3%,220.8
289,1459.0%,73.2%,-12.2%,311.8
290,769.2%,54.1%,-10.3%,173.8
291,459.9%,41.1%,-16.5%,112.0
292,697.3%,51.5%,-18.6%,159.5
293,1513.0%,74.4%,-20.1%,322.6
294,1668.7%,77.6%,-10.3%,353.7
295,635.2%,49.0%,-32.3%,147.0
296,784.1%,54.6%,-14.1%,176.8
297,724.2%,52.5%,-16.9%,164.8
298,547.9%,45.3%,-10.3%,129.6
299,820.0%,55.9%,-16.5%,184.0
300,364.6%,36.0%,-21.2%,92.9
301,517.4%,43.9%,-18.3%,123.5
302,1214.3%,67.4%,-11.2%,262.9
303,3045.7%,99.3%,-6.9%,629.1
304,896.8%,58.4%,-24.1%,199.4
305,420.4%,39.1%,-20.3%,104.1
306,856.9%,57.1%,-10.3%,191.4
307,735.5%,52.9%,-22.1%,167.1
308,714.5%,52.1%,-17.8%,162.9
309,617.5%,48.3%,-13.2%,143.5
310,512.7%,43.7%,-16.5%,122.5
311,325.8%,33.6%,-14.2%,85.2
312,341.5%,34.6%,-12.8%,88.3
313,515.5%,43.8%,-13.2%,123.1
314,532.7%,44.6%,-15.0%,126.5
315,1035.6%,62.6%,-19.5%,227.1
316,635.2%,49.0%,-17.9%,147.0
317,1206.3%,67.2%,-10.3%,261.3
318,478.6%,42.1%,-10.3%,115.7
319,910.7%,58.8%,-10.3%,202.1
320,1184.6%,66.6%,-34.0%,256.9
321,1200.3%,67.0%,-10.4%,260.1
322,638.1%,49.1%,-21.3%,147.6
323,1377.3%,71.4%,-10.3%,295.5
324,796.6%,55.1%,-10.3%,179.3
325,1983.8%,83.6%,-10.3%,416.8
326,1377.5%,71.4%,-10.3%,295.5
327,808.3%,55.5%,-13.3%,181.7
328,633.2%,49.0%,-12.3%,146.6
329,1133.4%,65.3%,-17.1%,246.7
330,1075.1%,63.7%,-19.5%,235.0
331,912.2%,58.9%,-16.5%,202.4
332,1033.4%,62.5%,-10.3%,226.7
333,524.9%,44.3%,-17.5%,125.0
334,1522.2%,74.6%,-10.3%,324.4
335,572.2%,46.4%,-30.2%,134.4
336,572.5%,46.4%,-13.3%,134.5
337,1688.1%,78.0%,-10.3%,357.6
338,519.5%,44.0%,-14.1%,123.9
339,316.7%,33.0%,-15.0%,83.3
340,1005.2%,61.7%,-10.4%,221.0
341,1257.4%,68.5%,-10.3%,271.5
342,417.4%,38.9%,-21.0%,103.5
343,437.8%,40.0%,-10.3%,107.6
344,533.9%,44.7%,-13.8%,126.8
345,1588.7%,76.0%,-10.3%,337.7
346,644.6%,49.4%,-23.2%,148.9
347,780.2%,54.5%,-14.6%,176.0
348,1433.4%,72.6%,-10.3%,306.7
349,1872.7%,81.6%,-10.3%,394.5
350,801.5%,55.2%,-19.5%,180.3
351,633.9%,49.0%,-16.5%,146.8
352,436.9%,40.0%,-16.8%,107.4
353,912.0%,58.9%,-10.9%,202.4
354,829.9%,56.2%,-17.4%,186.0
355,2101.0%,85.6%,-16.7%,440.2
356,1443.3%,72.9%,-10.3%,308.7
357,388.3%,37.3%,-21.8%,97.7
358,686.9%,51.1%,-18.3%,157.4
359,839.2%,56.5%,-12.2%,187.8
360,759.2%,53.8%,-13.6%,171.8
361,455.6%,40.9%,-16.6%,111.1
362,1041.6%,62.7%,-15.0%,228.3
363,1060.3%,63.3%,-16.9%,232.1
364,3130.4%,100.4%,-16.5%,646.1
365,640.9%,49.3%,-16.5%,148.2
366,887.1%,58.1%,-17.9%,197.4
367,881.5%,57.9%,-13.6%,196.3
368,1026.5%,62.3%,-10.3%,225.3
369,1522.2%,74.6%,-15.8%,324.4
370,1616.4%,76.6%,-10.4%,343.3
371,625.1%,48.6%,-10.3%,145.0
372,268.3%,29.8%,-22.2%,73.7
373,1052.1%,63.0%,-6.9%,230.4
374,378.8%,36.8%,-25.4%,95.8
375,1054.8%,63.1%,-13.2%,231.0
376,1075.9%,63.7%,-10.3%,235.2
377,2334.6%,89.4%,-6.9%,486.9
378,1022.7%,62.2%,-6.9%,224.5
379,1032.5%,62.5%,-16.5%,226.5
380,432.3%,39.7%,-21.3%,106.5
381,993.7%,61.4%,-6.9%,218.7
382,570.0%,46.3%,-13.1%,134.0
383,592.1%,47.2%,-17.3%,138.4
384,831.4%,56.3%,-16.5%,186.3
385,618.7%,48.4%,-21.1%,143.7
386,710.8%,52.0%,-15.1%,162.2
387,1325.1%,70.1%,-25.1%,285.0
388,351.9%,35.2%,-16.5%,90.4
389,964.3%,60.5%,-13.2%,212.9
390,231.5%,27.1%,-16.3%,66.3
391,558.1%,45.8%,-21.4%,131.6
392,744.6%,53.2%,-11.0%,168.9
393,1345.8%,70.6%,-11.0%,289.2
394,597.9%,47.5%,-13.2%,139.6
395,922.3%,59.2%,-10.3%,204.5
396,284.7%,30.9%,-21.4%,76.9
397,1733.1%,78.9%,-10.3%,366.6
398,475.3%,41.9%,-14.9%,115.1
399,900.6%,58.5%,-13.3%,200.1
400,740.7%,53.1%,-10.9%,168.1
401,1389.5%,71.6%,-16.2%,297.9
402,589.1%,47.1%,-21.6%,137.8
403,694.0%,51.3%,-16.5%,158.8
404,534.3%,44.7%,-16.5%,126.9
405,1280.9%,69.1%,-9.0%,276.2
406,426.3%,39.4%,-12.9%,105.3
407,764.8%,54.0%,-7.3%,173.0
408,1238.1%,68.0%,-10.3%,267.6
409,755.3%,53.6%,-10.3%,171.1
410,650.3%,49.6%,-19.6%,150.1
411,1170.9%,66.3%,-10.8%,254.2
412,1047.3%,62.9%,-10.3%,229.5
413,643.6%,49.4%,-11.5%,148.7
414,721.2%,52.4%,-10.6%,164.2
415,530.8%,44.5%,-13.3%,126.2
416,658.6%,50.0%,-23.0%,151.7
417,334.1%,34.1%,-19.2%,86.8
418,368.0%,36.2%,-18.1%,93.6
419,536.3%,44.8%,-24.1%,127.3
420,539.2%,44.9%,-10.6%,127.8
421,483.1%,42.3%,-22.1%,116.6
422,504.3%,43.3%,-10.3%,120.9
423,1678.3%,77.8%,-10.3%,355.7
424,2052.6%,84.8%,-10.3%,430.5
425,544.6%,45.2%,-10.4%,128.9
426,188.0%,23.6%,-15.9%,57.6
427,758.1%,53.7%,-12.8%,171.6
428,945.1%,59.9%,-10.3%,209.0
429,1523.3%,74.6%,-10.3%,324.7
430,1548.9%,75.2%,-10.3%,329.8
431,1201.9%,67.1%,-10.3%,260.4
432,888.4%,58.1%,-12.2%,197.7
433,599.1%,47.5%,-16.5%,139.8
434,409.6%,38.5%,-17.8%,101.9
435,1108.7%,64.6%,-22.2%,241.7
436,986.5%,61.1%,-12.3%,217.3
437,976.8%,60.9%,-19.5%,215.4
438,1010.1%,61.8%,-10.3%,222.0
439,437.9%,40.0%,-20.4%,107.6
440,794.4%,55.0%,-15.5%,178.9
441,815.2%,55.7%,-10.4%,183.0
442,1153.9%,65.8%,-18.0%,250.8
443,948.0%,60.0%,-13.2%,209.6
444,1008.7%,61.8%,-16.1%,221.7
445,543.9%,45.1%,-10.4%,128.8
446,465.6%,41.4%,-26.3%,113.1
447,1019.2%,62.1%,-10.3%,223.8
448,692.9%,51.3%,-10.3%,158.6
449,1558.3%,75.4%,-14.6%,331.7
450,318.6%,33.2%,-15.7%,83.7
451,789.9%,54.8%,-12.2%,178.0
452,409.9%,38.5%,-22.2%,102.0
453,382.9%,37.0%,-21.3%,96.6
454,1353.0%,70.8%,-10.3%,290.6
455,553.2%,45.6%,-35.2%,130.6
456,685.6%,51.0%,-13.2%,157.1
457,502.8%,43.2%,-16.7%,120.6
458,2353.2%,89.6%,-6.9%,490.6
459,572.3%,46.4%,-14.2%,134.5
460,876.0%,57.7%,-11.0%,195.2
461,702.3%,51.7%,-10.6%,160.5
462,532.5%,44.6%,-10.3%,126.5
463,428.9%,39.5%,-19.4%,105.8
464,430.3%,39.6%,-10.3%,106.1
465,985.6%,61.1%,-10.3%,217.1
466,558.5%,45.8%,-16.0%,131.7
467,755.4%,53.6%,-6.6%,171.1
468,649.3%,49.6%,-26.2%,149.9
469,1094.6%,64.2%,-16.5%,238.9
470,386.2%,37.2%,-12.2%,97.2
471,459.0%,41.1%,-26.6%,111.8
472,536.6%,44.8%,-11.6%,127.3
473,674.3%,50.6%,-12.0%,154.9
474,1274.3%,68.9%,-10.3%,274.9
475,411.3%,38.6%,-10.3%,102.3
476,678.8%,50.8%,-10.3%,155.8
477,1475.9%,73.6%,-10.3%,315.2
478,1397.7%,71.8%,-14.5%,299.5
479,965.9%,60.5%,-10.3%,213.2
480,574.7%,46.5%,-25.3%,134.9
481,1134.8%,65.3%,-10.3%,247.0
482,904.6%,58.6%,-32.9%,200.9
483,1506.1%,74.2%,-11.6%,321.2
484,341.2%,34.6%,-12.2%,88.2
485,392.9%,37.6%,-11.9%,98.6
486,682.8%,50.9%,-10.3%,156.6
487,381.9%,37.0%,-17.6%,96.4
488,606.8%,47.9%,-10.3%,141.4
489,1044.6%,62.8%,-10.3%,228.9
490,414.0%,38.7%,-13.6%,102.8
491,1058.5%,63.2%,-10.3%,231.7
492,947.8%,60.0%,-14.7%,209.6
493,646.2%,49.5%,-12.2%,149.2
494,253.8%,28.7%,-21.5%,70.8
495,1235.6%,67.9%,-12.3%,267.1
496,1515.0%,74.4%,-13.3%,323.0
497,296.2%,31.7%,-14.4%,79.2
498,1397.0%,71.8%,-12.7%,299.4
499,929.4%,59.4%,-10.4%,205.9
500,579.3%,46.7%,-10.4%,135.9
501,2549.3%,92.6%,-12.2%,529.9
502,1028.3%,62.4%,-19.5%,225.7
503,1339.4%,70.5%,-6.9%,287.9
504,730.4%,52.7%,-17.6%,166.1
505,1133.1%,65.3%,-10.3%,246.6
506,2903.9%,97.5%,-21.3%,600.8
507,1128.5%,65.1%,-6.9%,245.7
508,1208.6%,67.2%,-13.6%,261.7
509,530.6%,44.5%,-25.1%,126.1
510,488.8%,42.6%,-13.4%,117.8
511,650.4%,49.6%,-10.5%,150.1
512,472.5%,41.8%,-10.3%,114.5
513,844.8%,56.7%,-13.2%,189.0
514,257.7%,29.0%,-18.6%,71.5
515,368.4%,36.2%,-17.3%,93.7
516,1077.0%,63.7%,-10.3%,235.4
517,583.9%,46.9%,-32.7%,136.8
518,842.3%,56.6%,-18.3%,188.5
519,343.9%,34.7%,-19.2%,88.8
520,935.0%,59.6%,-10.3%,207.0
521,617.3%,48.3%,-15.7%,143.5
522,2001.9%,83.9%,-10.3%,420.4
523,1393.8%,71.7%,-6.9%,298.8
524,581.4%,46.8%,-17.2%,136.3
525,1007.7%,61.8%,-19.5%,221.5
526,1486.0%,73.8%,-13.2%,317.2
527,670.0%,50.4%,-21.2%,154.0
528,1583.5%,75.9%,-10.3%,336.7
529,624.1%,48.6%,-22.1%,144.8
530,651.4%,49.7%,-16.6%,150.3
531,661.4%,50.1%,-19.5%,152.3
532,240.0%,27.7%,-19.5%,68.0
533,709.8%,51.9%,-12.9%,162.0
534,893.8%,58.3%,-11.6%,198.8
535,318.9%,33.2%,-27.6%,83.8
536,436.4%,39.9%,-14.3%,107.3
537,844.8%,56.7%,-15.2%,189.0
538,924.0%,59.2%,-19.5%,204.8
539,569.4%,46.3%,-13.2%,133.9
540,1074.1%,63.7%,-10.3%,234.8
541,432.2%,39.7%,-26.8%,106.4
542,739.0%,53.0%,-10.3%,167.8
543,975.7%,60.8%,-10.3%,215.1
544,950.8%,60.1%,-13.3%,210.2
545,664.9%,50.2%,-14.2%,153.0
546,1366.0%,71.1%,-18.7%,293.2
547,1462.6%,73.3%,-7.0%,312.5
548,448.4%,40.5%,-10.3%,109.7
549,1650.8%,77.3%,-10.3%,350.2
550,842.7%,56.6%,-10.3%,188.5
551,365.1%,36.0%,-18.1%,93.0
552,404.2%,38.2%,-22.2%,100.8
553,597.7%,47.5%,-13.0%,139.5
554,681.3%,50.9%,-13.2%,156.3
555,456.2%,40.9%,-19.4%,111.2
556,694.6%,51.4%,-10.0%,158.9
557,771.8%,54.2%,-10.3%,174.4
558,824.0%,56.0%,-16.2%,184.8
559,500.5%,43.1%,-20.1%,120.1
560,816.3%,55.7%,-12.5%,183.3
561,754.9%,53.6%,-10.3%,171.0
562,280.1%,30.6%,-18.3%,76.0
563,2278.5%,88.5%,-10.3%,475.7
564,837.3%,56.5%,-10.3%,187.5
565,1722.1%,78.7%,-10.3%,364.4
566,543.4%,45.1%,-10.3%,128.7
567,549.1%,45.4%,-13.2%,129.8
568,1433.6%,72.6%,-10.3%,306.7
569,740.8%,53.1%,-13.1%,168.2
570,508.7%,43.5%,-10.3%,121.7
571,997.0%,61.5%,-10.3%,219.4
572,277.6%,30.4%,-18.7%,75.5
573,569.7%,46.3%,-12.6%,133.9
574,832.8%,56.3%,-22.4%,186.6
575,1323.2%,70.1%,-10.3%,284.6
576,589.7%,47.1%,-18.6%,137.9
577,745.8%,53.3%,-16.5%,169.2
578,1394.7%,71.8%,-3.3%,298.9
579,1315.7%,69.9%,-10.3%,283.1
580,911.6%,58.9%,-23.6%,202.3
581,1288.2%,69.2%,-13.5%,277.6
582,651.9%,49.7%,-10.4%,150.4
583,1803.3%,80.3%,-13.2%,380.7
584,506.2%,43.4%,-19.6%,121.2
585,1597.4%,76.2%,-12.2%,339.5
586,422.1%,39.2%,-19.5%,104.4
587,252.5%,28.7%,-17.4%,70.5
588,425.9%,39.4%,-12.5%,105.2
589,1113.6%,64.7%,-10.4%,242.7
590,400.4%,38.0%,-16.1%,100.1
591,868.3%,57.5%,-14.8%,193.7
592,448.2%,40.5%,-10.3%,109.6
593,1835.8%,80.9%,-12.4%,387.2
594,604.0%,47.7%,-18.4%,140.8
595,1659.6%,77.5%,-6.9%,351.9
596,542.9%,45.1%,-13.2%,128.6
597,1083.6%,63.9%,-15.3%,236.7
598,471.2%,41.7%,-16.5%,114.2
599,872.6%,57.6%,-17.3%,194.5
600,1240.6%,68.1%,-19.5%,268.1
601,1256.7%,68.5%,-14.9%,271.3
602,1293.6%,69.4%,-18.8%,278.7
603,1042.9%,62.8%,-12.2%,228.6
604,531.1%,44.5%,-12.9%,126.2
605,1040.4%,62.7%,-19.5%,228.1
606,778.3%,54.4%,-10.5%,175.7
607,502.0%,43.2%,-10.3%,120.4
608,697.6%,51.5%,-11.3%,159.5
609,796.3%,55.1%,-10.3%,179.3
610,1084.4%,63.9%,-20.2%,236.9
611,1531.3%,74.8%,-15.9%,326.3
612,1136.2%,65.4%,-11.5%,247.2
613,1464.2%,73.3%,-14.2%,312.8
614,654.0%,49.8%,-19.5%,150.8
615,792.5%,54.9%,-10.4%,178.5
616,1907.1%,82.2%,-10.3%,401.4
617,546.1%,45.2%,-19.4%,129.2
618,1633.4%,76.9%,-10.3%,346.7
619,913.4%,58.9%,-19.8%,202.7
620,663.8%,50.2%,-15.6%,152.8
621,1664.6%,77.6%,-10.3%,352.9
622,933.8%,59.5%,-16.1%,206.8
623,1073.2%,63.6%,-10.3%,234.6
624,762.6%,53.9%,-10.3%,172.5
625,401.4%,38.1%,-15.1%,100.3
626,449.8%,40.6%,-18.4%,110.0
627,792.3%,54.9%,-17.7%,178.5
628,314.6%,32.9%,-15.4%,82.9
629,459.9%,41.1%,-13.2%,112.0
630,749.4%,53.4%,-12.2%,169.9
631,1099.5%,64.4%,-6.9%,239.9
632,630.0%,48.8%,-10.3%,146.0
633,790.0%,54.8%,-12.2%,178.0
634,804.0%,55.3%,-19.6%,180.8
635,550.3%,45.4%,-10.3%,130.1
636,911.7%,58.9%,-16.6%,202.3
637,762.9%,53.9%,-20.1%,172.6
638,289.2%,31.2%,-25.1%,77.8
639,914.8%,59.0%,-21.7%,203.0
640,1015.0%,62.0%,-14.2%,223.0
641,871.8%,57.6%,-10.9%,194.4
642,771.5%,54.2%,-13.3%,174.3
643,811.8%,55.6%,-10.4%,182.4
644,781.6%,54.5%,-10.3%,176.3
645,479.4%,42.1%,-15.7%,115.9
646,597.6%,47.5%,-13.4%,139.5
647,1168.2%,66.2%,-14.5%,253.6
648,1376.8%,71.3%,-10.3%,295.4
649,867.4%,57.4%,-17.9%,193.5
650,1076.2%,63.7%,-13.4%,235.2
651,512.9%,43.7%,-17.6%,122.6
652,401.9%,38.1%,-11.9%,100.4
653,2513.6%,92.1%,-10.3%,522.7
654,1233.0%,67.9%,-10.3%,266.6
655,424.3%,39.3%,-17.6%,104.9
656,1513.9%,74.4%,-16.5%,322.8
657,1236.5%,68.0%,-16.5%,267.3
658,922.5%,59.2%,-15.4%,204.5
659,202.4%,24.8%,-22.9%,60.5
660,1040.9%,62.7%,-16.5%,228.2
661,862.4%,57.3%,-10.5%,192.5
662,475.8%,41.9%,-23.7%,115.2
663,2042.2%,84.6%,-10.4%,428.4
664,669.3%,50.4%,-23.5%,153.9
665,873.5%,57.6%,-16.5%,194.7
666,575.9%,46.5%,-13.2%,135.2
667,987.6%,61.2%,-10.3%,217.5
668,530.9%,44.5%,-20.9%,126.2
669,624.1%,48.6%,-10.3%,144.8
670,1950.5%,83.0%,-11.5%,410.1
671,931.5%,59.5%,-10.3%,206.3
672,586.8%,47.0%,-12.3%,137.4
673,815.7%,55.7%,-20.6%,183.1
674,1070.4%,63.6%,-17.9%,234.1
675,940.1%,59.7%,-13.6%,208.0
676,338.9%,34.4%,-17.8%,87.8
677,549.2%,45.4%,-16.6%,129.8
678,334.5%,34.2%,-20.1%,86.9
679,1793.2%,80.1%,-11.8%,378.6
680,473.8%,41.8%,-9.0%,114.8
681,940.3%,59.7%,-10.4%,208.1
682,353.9%,35.3%,-12.5%,90.8
683,254.3%,28.8%,-15.9%,70.9
684,602.9%,47.7%,-13.7%,140.6
685,2659.6%,94.2%,-14.4%,551.9
686,251.4%,28.6%,-21.7%,70.3
687,387.2%,37.3%,-19.0%,97.4
688,624.7%,48.6%,-17.6%,144.9
689,1071.7%,63.6%,-10.4%,234.3
690,228.4%,26.8%,-25.1%,65.7
691,464.8%,41.4%,-19.5%,113.0
692,303.7%,32.2%,-17.4%,80.7
693,883.1%,58.0%,-15.2%,196.6
694,1042.7%,62.8%,-16.5%,228.5
695,358.8%,35.6%,-15.1%,91.8
696,315.7%,33.0%,-29.1%,83.1
697,372.7%,36.4%,-11.9%,94.5
698,753.0%,53.5%,-12.2%,170.6
699,1234.5%,67.9%,-6.9%,266.9
700,823.7%,56.0%,-22.0%,184.7
701,625.8%,48.7%,-16.8%,145.2
702,1925.3%,82.5%,-6.9%,405.1
703,834.0%,56.3%,-10.0%,186.8
704,574.7%,46.5%,-20.8%,134.9
705,557.8%,45.8%,-14.6%,131.6
706,1017.9%,62.1%,-24.8%,223.6
707,680.4%,50.8%,-12.3%,156.1
708,470.7%,41.7%,-10.3%,114.1
709,1319.5%,70.0%,-11.1%,283.9
710,368.5%,36.2%,-22.6%,93.7
711,1427.3%,72.5%,-18.7%,305.5
712,1810.5%,80.4%,-16.5%,382.1
713,808.4%,55.5%,-12.2%,181.7
714,512.7%,43.7%,-15.6%,122.5
715,998.5%,61.5%,-7.1%,219.7
716,140.3%,19.2%,-30.2%,48.1
717,481.3%,42.2%,-10.3%,116.3
718,1103.3%,64.5%,-9.0%,240.7
719,564.3%,46.0%,-13.2%,132.9
720,787.4%,54.7%,-12.9%,177.5
721,620.4%,48.4%,-10.3%,144.1
722,1557.8%,75.3%,-12.4%,331.6
723,442.1%,40.2%,-21.1%,108.4
724,592.3%,47.3%,-14.8%,138.5
725,1339.9%,70.5%,-12.2%,288.0
726,727.1%,52.6%,-19.3%,165.4
727,976.2%,60.8%,-10.3%,215.2
728,488.7%,42.6%,-19.5%,117.7
729,330.0%,33.9%,-12.9%,86.0
730,661.8%,50.1%,-19.5%,152.4
731,824.1%,56.0%,-19.5%,184.8
732,1598.7%,76.2%,-23.9%,339.7
733,1372.5%,71.2%,-3.3%,294.5
734,428.1%,39.5%,-10.3%,105.6
735,1246.5%,68.2%,-25.7%,269.3
736,3362.8%,103.2%,-27.2%,692.6
737,327.4%,33.7%,-37.1%,85.5
738,771.8%,54.2%,-12.3%,174.4
739,629.2%,48.8%,-10.0%,145.8
740,1115.4%,64.8%,-13.2%,243.1
741,202.0%,24.7%,-18.4%,60.4
742,509.6%,43.6%,-20.3%,121.9
743,530.7%,44.5%,-25.5%,126.1
744,933.9%,59.6%,-30.1%,206.8
745,833.8%,56.3%,-17.0%,186.8
746,521.0%,44.1%,-10.3%,124.2
747,1636.0%,77.0%,-22.2%,347.2
748,248.3%,28.3%,-29.9%,69.7
749,699.8%,51.6%,-10.3%,160.0
750,1927.2%,82.5%,-10.3%,405.4
751,765.7%,54.0%,-12.2%,173.1
752,315.0%,32.9%,-13.6%,83.0
753,539.8%,44.9%,-10.3%,128.0
754,1272.5%,68.9%,-24.2%,274.5
755,221.4%,26.3%,-18.0%,64.3
756,591.5%,47.2%,-17.3%,138.3
757,810.6%,55.5%,-11.0%,182.1
758,702.8%,51.7%,-16.5%,160.6
759,1090.1%,64.1%,-12.2%,238.0
760,827.2%,56.1%,-10.6%,185.4
761,1445.0%,72.9%,-10.3%,309.0
762,2046.6%,84.7%,-15.2%,429.3
763,1593.2%,76.1%,-12.2%,338.6
764,1225.9%,67.7%,-10.3%,265.2
765,1567.6%,75.6%,-10.3%,333.5
766,770.1%,54.1%,-13.0%,174.0
767,661.5%,50.1%,-10.3%,152.3
768,636.6%,49.1%,-10.3%,147.3
769,613.9%,48.2%,-12.1%,142.8
770,538.1%,44.9%,-16.5%,127.6
771,1360.6%,71.0%,-10.3%,292.1
772,1007.7%,61.8%,-11.1%,221.5
773,1032.1%,62.5%,-21.9%,226.4
774,1987.7%,83.6%,-10.3%,417.5
775,2098.3%,85.5%,-13.3%,439.7
776,300.8%,32.0%,-23.3%,80.2
777,954.5%,60.2%,-11.7%,210.9
778,340.0%,34.5%,-19.4%,88.0
779,591.6%,47.2%,-13.2%,138.3
780,814.6%,55.7%,-11.1%,182.9
781,827.5%,56.1%,-9.0%,185.5
782,584.9%,46.9%,-19.2%,137.0
783,492.0%,42.7%,-10.3%,118.4
784,518.6%,44.0%,-15.5%,123.7
785,465.2%,41.4%,-26.8%,113.0
786,785.1%,54.7%,-13.3%,177.0
787,1306.1%,69.7%,-6.9%,281.2
788,998.6%,61.5%,-12.0%,219.7
789,239.3%,27.7%,-15.2%,67.9
790,609.9%,48.0%,-16.0%,142.0
791,1163.0%,66.1%,-10.4%,252.6
792,504.6%,43.3%,-26.8%,120.9
793,810.3%,55.5%,-10.3%,182.1
794,565.9%,46.1%,-25.1%,133.2
795,954.6%,60.2%,-10.4%,210.9
796,405.9%,38.3%,-16.1%,101.2
797,627.2%,48.7%,-16.5%,145.4
798,496.9%,43.0%,-18.7%,119.4
799,635.5%,49.0%,-11.9%,147.1
800,570.9%,46.3%,-13.1%,134.2
801,387.2%,37.3%,-13.5%,97.4
802,472.8%,41.8%,-17.4%,114.6
803,907.9%,58.7%,-10.3%,201.6
804,1752.5%,79.3%,-13.0%,370.5
805,621.0%,48.5%,-14.2%,144.2
806,267.9%,29.8%,-30.5%,73.6
807,1043.4%,62.8%,-11.4%,228.7
808,1008.7%,61.8%,-13.7%,221.7
809,2938.7%,97.9%,-6.9%,607.7
810,628.6%,48.8%,-21.9%,145.7
811,464.3%,41.4%,-13.6%,112.9
812,247.6%,28.3%,-21.2%,69.5
813,1227.0%,67.7%,-10.9%,265.4
814,1599.9%,76.2%,-16.5%,340.0
815,570.3%,46.3%,-18.3%,134.1
816,443.6%,40.3%,-13.3%,108.7
817,1365.7%,71.1%,-10.3%,293.1
818,558.6%,45.8%,-14.3%,131.7
819,538.0%,44.9%,-27.3%,127.6
820,681.1%,50.8%,-15.0%,156.2
821,1158.8%,66.0%,-10.3%,251.8
822,757.2%,53.7%,-10.3%,171.4
823,2321.5%,89.2%,-10.0%,484.3
824,810.1%,55.5%,-16.6%,182.0
825,964.8%,60.5%,-10.3%,213.0
826,1056.0%,63.2%,-10.3%,231.2
827,931.4%,59.5%,-12.2%,206.3
828,961.5%,60.4%,-25.1%,212.3
829,281.4%,30.7%,-23.6%,76.3
830,975.4%,60.8%,-10.3%,215.1
831,388.6%,37.3%,-19.5%,97.7
832,982.0%,61.0%,-15.1%,216.4
833,1767.0%,79.6%,-10.1%,373.4
834,592.2%,47.2%,-10.3%,138.4
835,601.4%,47.6%,-10.3%,140.3
836,773.2%,54.2%,-11.3%,174.6
837,569.9%,46.3%,-18.0%,134.0
838,795.6%,55.0%,-22.2%,179.1
839,853.0%,57.0%,-16.2%,190.6
840,1206.9%,67.2%,-14.8%,261.4
841,851.5%,56.9%,-19.2%,190.3
842,410.3%,38.5%,-13.3%,102.1
843,573.3%,46.4%,-17.0%,134.7
844,501.7%,43.2%,-13.2%,120.3
845,569.9%,46.3%,-18.7%,134.0
846,599.6%,47.6%,-10.3%,139.9
847,803.6%,55.3%,-10.9%,180.7
848,183.3%,23.2%,-33.1%,56.7
849,341.5%,34.6%,-10.3%,88.3
850,745.0%,53.2%,-11.7%,169.0
851,708.7%,51.9%,-27.7%,161.7
852,357.6%,35.6%,-16.8%,91.5
853,602.4%,47.7%,-19.6%,140.5
854,1016.8%,62.0%,-14.1%,223.4
855,1182.2%,66.6%,-16.8%,256.4
856,557.8%,45.8%,-20.3%,131.6
857,863.6%,57.3%,-19.5%,192.7
858,754.0%,53.6%,-19.5%,170.8
859,654.2%,49.8%,-17.1%,150.8
860,932.4%,59.5%,-9.9%,206.5
861,762.7%,53.9%,-11.8%,172.5
862,2643.4%,93.9%,-15.1%,548.7
863,737.7%,53.0%,-16.5%,167.5
864,695.9%,51.4%,-17.0%,159.2
865,650.7%,49.7%,-13.3%,150.1
866,564.6%,46.1%,-13.2%,132.9
867,1148.4%,65.7%,-12.2%,249.7
868,536.4%,44.8%,-19.5%,127.3
869,443.6%,40.3%,-12.2%,108.7
870,793.6%,55.0%,-16.6%,178.7
871,2225.3%,87.6%,-10.3%,465.1
872,442.5%,40.2%,-19.5%,108.5
873,1900.5%,82.1%,-15.0%,400.1
874,802.7%,55.3%,-10.3%,180.5
875,425.2%,39.3%,-24.2%,105.0
876,1238.0%,68.0%,-10.3%,267.6
877,574.4%,46.5%,-14.4%,134.9
878,412.0%,38.6%,-18.4%,102.4
879,818.7%,55.8%,-13.9%,183.7
880,719.8%,52.3%,-16.3%,164.0
881,925.1%,59.3%,-16.3%,205.0
882,559.9%,45.8%,-15.0%,132.0
883,642.9%,49.3%,-15.2%,148.6
884,737.6%,53.0%,-10.4%,167.5
885,736.3%,52.9%,-14.6%,167.3
886,784.8%,54.7%,-11.3%,177.0
887,319.1%,33.2%,-25.4%,83.8
888,1203.4%,67.1%,-10.3%,260.7
889,977.8%,60.9%,-12.2%,215.6
890,763.0%,53.9%,-13.2%,172.6
891,429.1%,39.5%,-10.3%,105.8
892,880.4%,57.9%,-19.2%,196.1
893,620.6%,48.4%,-21.1%,144.1
894,1031.7%,62.5%,-6.9%,226.3
895,770.5%,54.2%,-26.4%,174.1
896,950.7%,60.1%,-10.3%,210.1
897,336.3%,34.3%,-31.0%,87.3
898,799.4%,55.2%,-10.4%,179.9
899,329.0%,33.8%,-16.5%,85.8
900,1136.4%,65.4%,-11.6%,247.3
901,878.1%,57.8%,-19.3%,195.6
902,2628.3%,93.7%,-10.3%,545.7
903,386.2%,37.2%,-30.4%,97.2
904,877.1%,57.8%,-16.2%,195.4
905,1161.4%,66.0%,-21.1%,252.3
906,272.8%,30.1%,-21.1%,74.6
907,336.4%,34.3%,-13.3%,87.3
908,918.7%,59.1%,-10.6%,203.7
909,387.9%,37.3%,-21.0%,97.6
910,1122.6%,65.0%,-15.3%,244.5
911,247.6%,28.3%,-20.8%,69.5
912,269.7%,29.9%,-26.3%,73.9
913,1696.2%,78.2%,-10.3%,359.2
914,1787.8%,80.0%,-10.3%,377.6
915,106.9%,15.6%,-21.2%,41.4
916,566.9%,46.2%,-17.8%,133.4
917,955.3%,60.2%,-16.6%,211.1
918,540.7%,45.0%,-17.6%,128.1
919,739.1%,53.0%,-10.3%,167.8
920,652.7%,49.7%,-14.4%,150.5
921,1379.7%,71.4%,-5.4%,295.9
922,465.9%,41.4%,-21.9%,113.2
923,817.8%,55.8%,-12.2%,183.6
924,330.4%,33.9%,-16.1%,86.1
925,534.0%,44.7%,-16.6%,126.8
926,861.3%,57.2%,-15.9%,192.3
927,562.1%,45.9%,-13.2%,132.4
928,731.8%,52.8%,-6.9%,166.4
929,552.4%,45.5%,-15.6%,130.5
930,971.9%,60.7%,-15.2%,214.4
931,946.0%,59.9%,-10.3%,209.2
932,764.5%,53.9%,-10.0%,172.9
933,920.8%,59.1%,-10.3%,204.2
934,979.3%,60.9%,-16.6%,215.9
935,861.5%,57.2%,-10.3%,192.3
936,465.3%,41.4%,-24.8%,113.1
937,1058.1%,63.2%,-13.2%,231.6
938,1407.7%,72.1%,-13.2%,301.5
939,765.2%,54.0%,-13.2%,173.0
940,1527.2%,74.7%,-10.0%,325.4
941,812.6%,55.6%,-13.3%,182.5
942,595.9%,47.4%,-10.3%,139.2
943,943.4%,59.8%,-10.3%,208.7
944,901.5%,58.5%,-10.3%,200.3
945,1048.5%,62.9%,-19.2%,229.7
946,1101.6%,64.4%,-10.4%,240.3
947,453.7%,40.8%,-18.4%,110.7
948,636.1%,49.1%,-13.9%,147.2
949,883.7%,58.0%,-13.2%,196.7
950,512.5%,43.7%,-22.1%,122.5
951,580.6%,46.7%,-17.8%,136.1
952,889.8%,58.2%,-12.2%,198.0
953,5246.3%,121.6%,-6.9%,1069.3
954,1192.3%,66.8%,-6.9%,258.5
955,415.9%,38.8%,-30.2%,103.2
956,1068.3%,63.5%,-10.3%,233.7
957,712.8%,52.1%,-10.6%,162.6
958,1929.0%,82.6%,-10.3%,405.8
959,1112.8%,64.7%,-14.2%,242.6
960,424.2%,39.3%,-16.5%,104.8
961,1044.8%,62.8%,-10.7%,229.0
962,598.4%,47.5%,-14.1%,139.7
963,290.2%,31.3%,-30.5%,78.0
964,510.0%,43.6%,-17.0%,122.0
965,939.7%,59.7%,-14.5%,207.9
966,422.2%,39.2%,-10.4%,104.4
967,1104.6%,64.5%,-14.8%,240.9
968,955.9%,60.2%,-10.3%,211.2
969,1061.1%,63.3%,-21.1%,232.2
970,318.8%,33.2%,-30.8%,83.8
971,1398.4%,71.8%,-12.2%,299.7
972,1573.5%,75.7%,-10.3%,334.7
973,358.8%,35.6%,-12.4%,91.8
974,449.2%,40.6%,-27.4%,109.8
975,1103.5%,64.5%,-14.4%,240.7
976,844.6%,56.7%,-3.3%,188.9
977,1552.5%,75.2%,-12.2%,330.5
978,1729.6%,78.8%,-27.9%,365.9
979,638.0%,49.1%,-24.4%,147.6
980,1088.9%,64.1%,-10.3%,237.8
981,543.4%,45.1%,-15.4%,128.7
982,1235.4%,67.9%,-13.2%,267.1
983,506.8%,43.4%,-17.0%,121.4
984,287.0%,31.1%,-13.9%,77.4
985,1632.4%,76.9%,-14.7%,346.5
986,957.9%,60.3%,-6.9%,211.6
987,2141.5%,86.3%,-10.3%,448.3
988,1241.1%,68.1%,-9.0%,268.2
989,656.0%,49.9%,-12.5%,151.2
990,269.7%,29.9%,-22.0%,73.9
991,502.9%,43.2%,-10.4%,120.6
992,793.0%,54.9%,-18.9%,178.6
993,293.3%,31.5%,-17.8%,78.7
994,588.1%,47.1%,-10.3%,137.6
995,476.1%,41.9%,-18.9%,115.2
996,705.1%,51.8%,-20.6%,161.0
997,287.6%,31.1%,-33.7%,77.5
998,761.9%,53.8%,-21.0%,172.4
999,860.7%,57.2%,-20.1%,192.1
1000,1760.9%,79.4%,-12.2%,372.2
