路径,年化收益,5年累计,最大回撤
1,28.35%,248.28%,-20.76%
2,40.42%,445.87%,-11.84%
3,16.86%,117.93%,-18.74%
4,11.59%,73.04%,-22.65%
5,29.12%,258.84%,-17.55%
6,18.72%,135.82%,-19.89%
7,32.16%,303.14%,-15.49%
8,27.05%,231.09%,-19.62%
9,25.75%,214.39%,-23.06%
10,15.26%,103.43%,-26.79%
11,3.08%,16.40%,-26.36%
12,38.15%,403.22%,-12.89%
13,44.74%,535.16%,-8.54%
14,32.47%,307.98%,-19.57%
15,30.28%,275.37%,-30.74%
16,7.70%,44.91%,-21.57%
17,24.85%,203.31%,-18.09%
18,22.71%,178.23%,-18.07%
19,31.02%,286.13%,-16.58%
20,22.98%,181.27%,-18.28%
21,29.21%,260.21%,-15.88%
22,47.67%,602.29%,-26.67%
23,36.30%,370.45%,-21.10%
24,23.46%,186.79%,-16.02%
25,16.79%,117.29%,-22.86%
26,58.97%,915.35%,-11.26%
27,21.23%,161.88%,-11.75%
28,19.92%,148.04%,-19.70%
29,21.79%,167.99%,-22.54%
30,23.41%,186.30%,-10.94%
31,39.58%,429.75%,-9.01%
32,20.59%,154.99%,-22.69%
33,23.98%,192.92%,-13.57%
34,28.38%,248.75%,-22.82%
35,17.90%,127.82%,-20.44%
36,19.02%,138.87%,-15.85%
37,21.63%,166.16%,-13.96%
38,15.37%,104.43%,-25.41%
39,14.50%,96.76%,-18.10%
40,58.32%,894.57%,-11.97%
41,34.47%,339.60%,-15.56%
42,19.24%,141.02%,-22.10%
43,21.68%,166.72%,-23.92%
44,33.02%,316.47%,-9.93%
45,31.72%,296.47%,-18.09%
46,22.51%,175.97%,-11.77%
47,41.60%,469.29%,-12.92%
48,9.74%,59.14%,-26.66%
49,26.70%,226.48%,-13.32%
50,43.23%,502.73%,-13.29%
51,27.25%,233.65%,-14.26%
52,15.86%,108.79%,-35.49%
53,35.12%,350.46%,-20.49%
54,46.37%,571.84%,-8.20%
55,10.10%,61.80%,-25.57%
56,34.26%,336.29%,-11.49%
57,13.90%,91.72%,-15.65%
58,23.22%,184.10%,-12.18%
59,67.16%,1205.21%,-7.84%
60,29.52%,264.45%,-21.83%
61,31.10%,287.28%,-16.04%
62,29.03%,257.62%,-15.76%
63,20.04%,149.25%,-15.79%
64,49.86%,655.84%,-14.54%
65,24.95%,204.62%,-12.19%
66,43.21%,502.41%,-21.26%
67,17.96%,128.36%,-18.43%
68,10.64%,65.79%,-21.06%
69,31.88%,298.96%,-12.50%
70,22.06%,170.89%,-36.20%
71,20.22%,151.09%,-21.47%
72,16.50%,114.60%,-14.10%
73,21.93%,169.50%,-16.59%
74,32.75%,312.21%,-16.67%
75,28.19%,246.09%,-15.68%
76,9.94%,60.62%,-20.98%
77,31.31%,290.38%,-22.04%
78,17.72%,126.07%,-19.13%
79,29.34%,261.95%,-12.61%
80,35.45%,356.01%,-17.07%
81,12.24%,78.10%,-21.79%
82,23.77%,190.45%,-12.90%
83,24.28%,196.44%,-13.38%
84,18.09%,129.61%,-34.43%
85,28.42%,249.28%,-14.81%
86,19.49%,143.55%,-18.58%
87,18.86%,137.28%,-24.98%
88,35.46%,356.14%,-13.73%
89,26.85%,228.41%,-19.68%
90,16.38%,113.50%,-15.71%
91,38.85%,416.12%,-20.96%
92,30.99%,285.66%,-21.70%
93,41.46%,466.55%,-19.73%
94,26.71%,226.62%,-30.25%
95,37.95%,399.58%,-18.77%
96,32.55%,309.23%,-15.47%
97,36.31%,370.52%,-28.21%
98,33.39%,322.24%,-15.21%
99,29.73%,267.43%,-16.72%
100,28.20%,246.31%,-15.78%
101,9.38%,56.57%,-22.45%
102,35.06%,349.45%,-22.77%
103,11.29%,70.74%,-20.97%
104,33.12%,317.98%,-14.74%
105,22.48%,175.64%,-26.75%
106,25.38%,209.81%,-21.56%
107,20.68%,155.98%,-10.47%
108,20.07%,149.58%,-20.00%
109,16.37%,113.42%,-12.58%
110,14.94%,100.58%,-15.75%
111,29.92%,270.22%,-15.54%
112,20.88%,158.12%,-16.83%
113,23.20%,183.78%,-23.43%
114,14.86%,99.92%,-23.02%
115,28.89%,255.66%,-22.09%
116,36.46%,373.19%,-19.32%
117,28.46%,249.85%,-12.95%
118,27.35%,234.93%,-9.86%
119,17.38%,122.82%,-21.03%
120,63.25%,1059.64%,-9.99%
121,44.25%,524.49%,-15.28%
122,45.94%,562.08%,-7.43%
123,25.30%,208.92%,-13.16%
124,11.32%,70.98%,-27.45%
125,6.00%,33.84%,-20.01%
126,29.75%,267.73%,-17.64%
127,36.65%,376.51%,-16.28%
128,26.87%,228.71%,-13.10%
129,17.87%,127.50%,-16.83%
130,15.66%,107.02%,-21.79%
131,30.98%,285.44%,-16.98%
132,11.74%,74.18%,-22.67%
133,27.02%,230.65%,-11.17%
134,29.63%,265.98%,-16.94%
135,34.08%,333.35%,-12.61%
136,24.34%,197.24%,-16.62%
137,9.73%,59.07%,-21.50%
138,8.91%,53.20%,-28.85%
139,22.17%,172.15%,-17.51%
140,18.30%,131.73%,-24.26%
141,40.42%,446.02%,-15.63%
142,43.51%,508.68%,-9.96%
143,22.09%,171.25%,-29.35%
144,21.82%,168.27%,-25.11%
145,31.93%,299.76%,-17.74%
146,29.28%,261.12%,-18.08%
147,29.26%,260.85%,-17.77%
148,27.65%,238.92%,-19.35%
149,27.02%,230.69%,-23.36%
150,27.71%,239.71%,-14.48%
151,5.32%,29.58%,-42.88%
152,32.07%,301.82%,-17.25%
153,15.82%,108.40%,-16.46%
154,4.37%,23.86%,-24.48%
155,39.57%,429.63%,-16.07%
156,23.25%,184.43%,-11.23%
157,20.97%,159.02%,-20.86%
158,48.88%,631.48%,-19.18%
159,20.10%,149.83%,-30.12%
160,31.19%,288.60%,-12.67%
161,5.82%,32.72%,-29.85%
162,20.89%,158.24%,-17.19%
163,29.41%,262.97%,-11.89%
164,30.74%,282.00%,-17.47%
165,20.58%,154.92%,-21.25%
166,38.26%,405.16%,-17.82%
167,38.93%,417.58%,-19.25%
168,38.42%,408.18%,-23.38%
169,27.57%,237.92%,-17.59%
170,30.31%,275.80%,-17.30%
171,18.82%,136.87%,-13.79%
172,30.42%,277.36%,-13.44%
173,26.51%,224.04%,-22.30%
174,23.12%,182.95%,-24.07%
175,40.74%,452.26%,-7.44%
176,47.14%,589.69%,-14.10%
177,22.22%,172.69%,-20.09%
178,33.66%,326.58%,-20.10%
179,38.40%,407.74%,-9.60%
180,42.61%,489.82%,-13.27%
181,22.19%,172.35%,-21.04%
182,47.45%,597.10%,-17.89%
183,32.37%,306.40%,-13.48%
184,25.59%,212.46%,-21.81%
185,36.63%,376.13%,-25.17%
186,34.64%,342.51%,-12.84%
187,54.76%,787.81%,-11.31%
188,52.75%,731.55%,-10.60%
189,20.33%,152.26%,-20.06%
190,40.36%,444.71%,-15.79%
191,31.72%,296.45%,-26.70%
192,36.71%,377.61%,-13.21%
193,34.10%,333.58%,-14.98%
194,22.33%,173.97%,-21.52%
195,18.05%,129.31%,-16.68%
196,29.66%,266.47%,-20.30%
197,45.70%,556.69%,-11.79%
198,32.70%,311.47%,-10.88%
199,28.79%,254.36%,-11.98%
200,22.75%,178.65%,-24.99%
201,18.44%,133.06%,-20.51%
202,22.10%,171.33%,-22.62%
203,38.93%,417.68%,-10.03%
204,26.44%,223.20%,-14.79%
205,16.58%,115.30%,-18.50%
206,33.80%,328.78%,-20.16%
207,49.11%,637.09%,-17.81%
208,18.81%,136.78%,-20.78%
209,23.55%,187.84%,-17.99%
210,32.83%,313.45%,-18.09%
211,30.19%,274.07%,-16.73%
212,27.42%,235.87%,-13.44%
213,15.57%,106.21%,-13.20%
214,38.84%,415.89%,-14.92%
215,18.50%,133.67%,-16.76%
216,16.33%,113.03%,-26.30%
217,38.00%,400.50%,-17.02%
218,24.80%,202.68%,-28.07%
219,21.33%,162.92%,-13.19%
220,42.40%,485.57%,-12.59%
221,28.80%,254.52%,-16.84%
222,33.33%,321.36%,-17.23%
223,46.23%,568.58%,-14.81%
224,42.42%,485.89%,-23.40%
225,29.06%,258.12%,-13.52%
226,40.16%,440.93%,-17.36%
227,14.06%,93.02%,-13.05%
228,42.33%,484.02%,-10.51%
229,34.69%,343.33%,-25.44%
230,27.76%,240.36%,-13.22%
231,13.10%,85.07%,-18.34%
232,46.44%,573.45%,-14.80%
233,34.50%,340.15%,-16.95%
234,22.85%,179.85%,-16.07%
235,32.84%,313.64%,-11.91%
236,18.15%,130.27%,-32.18%
237,41.05%,458.20%,-28.06%
238,35.87%,363.02%,-16.34%
239,26.36%,222.20%,-15.62%
240,20.29%,151.89%,-15.41%
241,11.18%,69.88%,-28.70%
242,32.45%,307.64%,-17.50%
243,6.57%,37.44%,-19.68%
244,30.39%,276.92%,-16.25%
245,34.92%,347.07%,-16.51%
246,37.32%,388.24%,-19.03%
247,19.55%,144.21%,-25.33%
248,41.21%,461.56%,-13.90%
249,33.10%,317.66%,-12.76%
250,38.15%,403.29%,-11.91%
251,19.80%,146.73%,-12.71%
252,18.30%,131.74%,-17.48%
253,11.04%,68.78%,-20.06%
254,17.86%,127.38%,-18.23%
255,26.30%,221.39%,-18.60%
256,11.60%,73.08%,-14.19%
257,15.51%,105.65%,-31.83%
258,29.91%,269.95%,-12.08%
259,31.23%,289.22%,-9.76%
260,32.98%,315.88%,-17.20%
261,31.63%,295.11%,-11.33%
262,26.20%,220.17%,-17.69%
263,29.24%,260.56%,-13.26%
264,31.45%,292.45%,-17.17%
265,26.41%,222.84%,-15.94%
266,5.23%,29.03%,-42.23%
267,22.19%,172.43%,-16.45%
268,16.56%,115.19%,-13.12%
269,45.28%,547.14%,-13.70%
270,3.97%,21.48%,-25.61%
271,28.31%,247.82%,-20.97%
272,31.01%,285.93%,-14.05%
273,44.98%,540.46%,-19.31%
274,31.00%,285.74%,-18.70%
275,23.15%,183.28%,-17.11%
276,21.98%,170.08%,-14.49%
277,36.24%,369.46%,-11.51%
278,27.80%,240.96%,-14.60%
279,27.13%,232.02%,-12.56%
280,27.96%,243.07%,-16.10%
281,46.35%,571.40%,-16.74%
282,40.12%,440.22%,-17.98%
283,27.99%,243.42%,-16.38%
284,14.95%,100.67%,-19.98%
285,18.15%,130.28%,-14.32%
286,20.69%,156.10%,-16.82%
287,21.54%,165.23%,-14.69%
288,37.95%,399.57%,-12.47%
289,16.77%,117.10%,-18.61%
290,19.30%,141.62%,-22.58%
291,44.29%,525.40%,-20.80%
292,9.39%,56.64%,-17.46%
293,19.39%,142.62%,-19.82%
294,67.53%,1219.57%,-10.93%
295,29.91%,269.97%,-32.07%
296,47.12%,589.17%,-23.02%
297,10.97%,68.29%,-36.71%
298,28.91%,256.02%,-23.07%
299,33.67%,326.80%,-18.96%
300,39.15%,421.78%,-9.52%
301,43.29%,504.02%,-16.42%
302,20.07%,149.53%,-23.12%
303,50.35%,668.39%,-11.21%
304,27.32%,234.53%,-22.31%
305,27.85%,241.56%,-12.26%
306,36.41%,372.30%,-12.82%
307,29.64%,266.17%,-13.67%
308,33.48%,323.76%,-19.82%
309,12.39%,79.36%,-18.82%
310,20.67%,155.84%,-20.30%
311,19.58%,144.48%,-15.65%
312,19.75%,146.30%,-20.95%
313,19.94%,148.21%,-24.03%
314,33.24%,320.00%,-18.74%
315,56.42%,836.46%,-12.03%
316,30.34%,276.20%,-11.24%
317,23.35%,185.58%,-16.61%
318,33.27%,320.46%,-10.44%
319,22.24%,172.98%,-13.69%
320,42.94%,496.75%,-21.94%
321,30.78%,282.60%,-13.27%
322,16.19%,111.80%,-29.17%
323,31.10%,287.26%,-14.42%
324,11.09%,69.18%,-16.33%
325,38.10%,402.38%,-21.50%
326,34.95%,347.56%,-15.50%
327,22.17%,172.13%,-13.90%
328,18.14%,130.09%,-18.71%
329,38.21%,404.37%,-18.37%
330,36.10%,367.05%,-13.18%
331,57.33%,863.85%,-9.00%
332,20.44%,153.40%,-17.90%
333,55.83%,818.93%,-10.36%
334,31.43%,292.10%,-17.40%
335,11.65%,73.49%,-27.40%
336,32.49%,308.30%,-13.15%
337,25.08%,206.17%,-22.38%
338,30.24%,274.68%,-19.95%
339,31.03%,286.28%,-15.33%
340,22.22%,172.67%,-17.83%
341,9.21%,55.33%,-12.47%
342,25.08%,206.14%,-18.87%
343,21.50%,164.76%,-17.22%
344,26.45%,223.30%,-12.67%
345,20.46%,153.65%,-35.58%
346,51.40%,695.47%,-10.12%
347,25.71%,213.96%,-14.38%
348,14.65%,98.09%,-31.89%
349,12.39%,79.29%,-42.41%
350,13.82%,91.01%,-13.70%
351,53.41%,749.78%,-21.34%
352,34.13%,334.20%,-24.30%
353,51.50%,698.13%,-10.26%
354,34.67%,342.98%,-13.47%
355,60.87%,977.37%,-13.75%
356,28.82%,254.76%,-11.54%
357,33.35%,321.60%,-12.11%
358,39.04%,419.67%,-14.89%
359,29.26%,260.80%,-16.12%
360,38.61%,411.61%,-13.43%
361,30.79%,282.72%,-16.60%
362,40.85%,454.40%,-16.90%
363,24.44%,198.39%,-16.17%
364,34.98%,348.08%,-10.94%
365,28.12%,245.20%,-12.87%
366,28.74%,253.65%,-16.22%
367,13.65%,89.59%,-25.51%
368,15.87%,108.83%,-15.35%
369,26.00%,217.59%,-18.87%
370,28.47%,249.93%,-24.59%
371,38.67%,412.72%,-11.02%
372,17.18%,120.98%,-29.35%
373,19.00%,138.61%,-14.31%
374,15.57%,106.16%,-14.23%
375,27.68%,239.31%,-13.49%
376,26.00%,217.52%,-14.52%
377,38.66%,412.56%,-15.08%
378,24.58%,200.09%,-15.20%
379,54.76%,787.64%,-11.99%
380,34.48%,339.81%,-11.75%
381,31.30%,290.22%,-17.26%
382,24.28%,196.54%,-17.66%
383,25.21%,207.72%,-23.52%
384,26.08%,218.61%,-14.03%
385,33.24%,319.90%,-13.49%
386,25.25%,208.22%,-18.20%
387,20.26%,151.55%,-19.18%
388,43.17%,501.54%,-23.76%
389,37.28%,387.60%,-11.25%
390,39.85%,435.04%,-15.54%
391,26.46%,223.45%,-12.37%
392,30.68%,281.07%,-20.56%
393,22.95%,180.90%,-14.66%
394,21.19%,161.37%,-15.92%
395,35.69%,359.98%,-18.28%
396,68.33%,1251.56%,-10.42%
397,22.65%,177.51%,-14.02%
398,46.75%,580.49%,-17.21%
399,27.57%,237.93%,-18.37%
400,14.48%,96.66%,-17.21%
401,36.10%,366.91%,-15.77%
402,28.97%,256.86%,-20.82%
403,42.89%,495.60%,-9.19%
404,50.84%,680.85%,-9.04%
405,36.14%,367.59%,-14.27%
406,26.38%,222.42%,-25.73%
407,43.70%,512.73%,-13.85%
408,54.03%,766.88%,-9.53%
409,24.79%,202.57%,-18.64%
410,24.27%,196.31%,-19.49%
411,7.58%,44.10%,-17.90%
412,39.73%,432.72%,-14.68%
413,46.06%,564.83%,-11.66%
414,44.52%,530.35%,-11.73%
415,37.28%,387.58%,-9.87%
416,38.27%,405.47%,-10.29%
417,32.93%,315.07%,-15.22%
418,34.14%,334.29%,-11.36%
419,25.04%,205.64%,-22.44%
420,33.41%,322.63%,-13.53%
421,41.48%,466.85%,-20.21%
422,48.84%,630.58%,-13.15%
423,31.90%,299.24%,-13.42%
424,28.52%,250.65%,-19.16%
425,32.39%,306.67%,-14.46%
426,24.15%,194.89%,-25.65%
427,6.94%,39.84%,-22.82%
428,16.74%,116.85%,-19.52%
429,41.73%,471.90%,-10.71%
430,23.65%,189.05%,-19.19%
431,43.97%,518.52%,-16.19%
432,28.87%,255.47%,-11.27%
433,44.78%,536.23%,-14.51%
434,23.32%,185.26%,-22.25%
435,18.15%,130.22%,-14.88%
436,38.58%,411.10%,-15.30%
437,39.89%,435.68%,-14.52%
438,7.89%,46.21%,-28.51%
439,32.49%,308.26%,-20.47%
440,20.42%,153.25%,-15.14%
441,28.71%,253.24%,-17.77%
442,64.07%,1088.97%,-7.21%
443,43.94%,517.85%,-17.54%
444,39.74%,432.77%,-19.17%
445,33.16%,318.67%,-12.58%
446,33.23%,319.75%,-15.92%
447,10.55%,65.14%,-15.97%
448,34.23%,335.69%,-11.75%
449,29.75%,267.67%,-18.94%
450,29.28%,261.09%,-11.26%
451,36.42%,372.42%,-14.50%
452,42.64%,490.52%,-15.03%
453,31.25%,289.46%,-16.24%
454,60.57%,967.32%,-12.75%
455,32.71%,311.62%,-9.60%
456,5.14%,28.47%,-43.28%
457,36.27%,369.81%,-16.10%
458,20.95%,158.87%,-15.85%
459,30.24%,274.75%,-20.31%
460,9.65%,58.48%,-45.35%
461,32.80%,313.01%,-27.38%
462,25.14%,206.94%,-25.83%
463,28.92%,256.13%,-15.03%
464,24.11%,194.47%,-18.63%
465,39.26%,423.84%,-11.73%
466,28.13%,245.31%,-20.24%
467,28.28%,247.44%,-12.17%
468,44.21%,523.71%,-11.13%
469,6.74%,38.57%,-23.29%
470,31.30%,290.20%,-16.34%
471,32.85%,313.78%,-12.04%
472,31.99%,300.53%,-17.48%
473,31.60%,294.78%,-12.24%
474,68.07%,1241.10%,-8.94%
475,26.00%,217.52%,-41.01%
476,39.50%,428.26%,-11.87%
477,37.74%,395.77%,-5.23%
478,38.61%,411.71%,-17.39%
479,6.92%,39.75%,-21.16%
480,31.19%,288.62%,-15.06%
481,6.87%,39.39%,-24.38%
482,12.41%,79.48%,-30.07%
483,6.52%,37.15%,-22.93%
484,22.18%,172.25%,-23.24%
485,32.90%,314.53%,-11.42%
486,25.57%,212.17%,-19.51%
487,17.18%,120.90%,-14.66%
488,3.88%,20.98%,-22.94%
489,11.89%,75.40%,-15.94%
490,32.20%,303.73%,-14.31%
491,34.18%,335.03%,-38.05%
492,31.54%,293.88%,-9.30%
493,32.60%,309.90%,-19.04%
494,30.76%,282.34%,-9.43%
495,28.03%,244.01%,-25.78%
496,48.68%,626.49%,-7.21%
497,27.65%,238.94%,-17.64%
498,35.65%,359.38%,-25.20%
499,29.27%,260.92%,-22.90%
500,5.00%,27.65%,-26.57%
501,35.89%,363.44%,-16.33%
502,37.03%,383.11%,-9.85%
503,37.13%,384.98%,-14.86%
504,33.52%,324.32%,-19.40%
505,30.09%,272.51%,-24.57%
506,38.28%,405.63%,-9.63%
507,18.86%,137.20%,-35.33%
508,31.04%,286.33%,-17.66%
509,31.20%,288.69%,-23.08%
510,15.71%,107.38%,-21.93%
511,15.38%,104.51%,-27.62%
512,24.45%,198.53%,-20.82%
513,25.64%,213.10%,-18.43%
514,34.82%,345.35%,-13.39%
515,24.95%,204.60%,-17.82%
516,18.27%,131.38%,-17.51%
517,34.87%,346.24%,-16.06%
518,30.43%,277.48%,-21.97%
519,21.65%,166.37%,-11.00%
520,18.37%,132.40%,-22.76%
521,31.78%,297.49%,-17.81%
522,29.27%,261.03%,-26.90%
523,30.08%,272.49%,-15.25%
524,7.08%,40.76%,-29.62%
525,28.68%,252.79%,-20.37%
526,38.34%,406.74%,-14.88%
527,34.24%,335.99%,-11.91%
528,9.67%,58.63%,-28.18%
529,33.28%,320.59%,-10.75%
530,19.03%,138.95%,-13.90%
531,25.23%,207.94%,-19.49%
532,7.85%,45.90%,-37.91%
533,28.66%,252.57%,-26.75%
534,22.89%,180.26%,-23.73%
535,42.95%,496.88%,-9.27%
536,54.43%,778.47%,-11.79%
537,20.31%,152.09%,-31.36%
538,21.20%,161.52%,-16.13%
539,30.13%,273.16%,-10.90%
540,29.54%,264.72%,-16.34%
541,22.67%,177.79%,-17.42%
542,49.05%,635.56%,-12.55%
543,31.52%,293.49%,-13.60%
544,11.75%,74.31%,-18.13%
545,15.37%,104.36%,-23.78%
546,31.28%,289.93%,-29.18%
547,23.67%,189.27%,-29.20%
548,27.31%,234.38%,-26.28%
549,6.41%,36.41%,-20.21%
550,24.72%,201.72%,-15.49%
551,53.98%,765.58%,-11.41%
552,27.17%,232.54%,-23.25%
553,20.31%,152.06%,-15.81%
554,22.01%,170.42%,-20.12%
555,34.82%,345.41%,-24.49%
556,21.97%,169.96%,-10.90%
557,24.68%,201.27%,-12.58%
558,21.98%,170.06%,-11.01%
559,22.04%,170.67%,-26.64%
560,36.68%,377.04%,-11.45%
561,38.11%,402.41%,-10.33%
562,30.43%,277.49%,-13.55%
563,29.92%,270.15%,-14.22%
564,38.39%,407.63%,-17.71%
565,40.55%,448.43%,-15.09%
566,18.23%,130.98%,-24.14%
567,36.16%,368.09%,-10.49%
568,20.27%,151.60%,-18.93%
569,15.37%,104.43%,-19.29%
570,23.47%,186.94%,-14.27%
571,7.96%,46.69%,-39.82%
572,21.95%,169.72%,-17.83%
573,44.33%,526.34%,-32.32%
574,55.83%,818.80%,-9.89%
575,11.23%,70.28%,-29.49%
576,33.43%,322.92%,-13.06%
577,35.88%,363.18%,-12.72%
578,53.94%,764.60%,-25.20%
579,13.90%,91.66%,-34.67%
580,37.09%,384.26%,-15.44%
581,31.42%,291.96%,-16.73%
582,8.64%,51.34%,-43.63%
583,28.78%,254.19%,-16.40%
584,15.13%,102.24%,-32.59%
585,31.42%,291.97%,-16.06%
586,42.33%,484.18%,-15.29%
587,11.11%,69.34%,-23.95%
588,29.23%,260.40%,-19.66%
589,34.30%,336.94%,-18.47%
590,39.82%,434.43%,-16.10%
591,26.84%,228.30%,-12.03%
592,24.24%,196.06%,-34.02%
593,24.19%,195.38%,-28.41%
594,8.87%,52.91%,-31.78%
595,13.00%,84.21%,-20.83%
596,55.39%,806.04%,-19.39%
597,57.14%,858.07%,-9.49%
598,19.94%,148.26%,-30.21%
599,16.18%,111.67%,-16.35%
600,23.12%,182.86%,-21.35%
601,25.66%,213.34%,-15.90%
602,17.27%,121.79%,-26.93%
603,27.03%,230.78%,-19.19%
604,25.40%,210.12%,-14.57%
605,25.28%,208.55%,-15.26%
606,33.58%,325.32%,-18.23%
607,26.74%,226.97%,-22.76%
608,19.50%,143.72%,-22.02%
609,18.51%,133.72%,-13.64%
610,24.95%,204.57%,-20.96%
611,15.67%,107.10%,-19.53%
612,42.53%,488.17%,-11.89%
613,29.52%,264.56%,-26.57%
614,22.15%,171.97%,-30.47%
615,24.69%,201.40%,-18.79%
616,17.51%,124.08%,-17.41%
617,51.90%,708.67%,-13.03%
618,27.56%,237.78%,-11.06%
619,1.02%,5.20%,-24.10%
620,36.52%,374.19%,-17.00%
621,29.94%,270.49%,-20.23%
622,20.46%,153.67%,-29.08%
623,16.61%,115.64%,-11.91%
624,28.68%,252.85%,-13.43%
625,4.45%,24.34%,-35.80%
626,40.35%,444.60%,-9.89%
627,46.03%,564.07%,-16.79%
628,31.56%,294.11%,-19.59%
629,46.85%,582.95%,-8.64%
630,64.81%,1115.94%,-11.21%
631,20.32%,152.16%,-14.71%
632,12.03%,76.48%,-21.53%
633,13.99%,92.49%,-20.44%
634,21.74%,167.42%,-17.68%
635,29.82%,268.71%,-20.38%
636,15.23%,103.11%,-16.51%
637,6.65%,37.96%,-38.82%
638,41.93%,475.98%,-11.89%
639,40.70%,451.40%,-12.95%
640,16.72%,116.67%,-19.44%
641,19.66%,145.31%,-13.90%
642,51.97%,710.53%,-14.70%
643,35.04%,349.09%,-15.41%
644,29.94%,270.41%,-12.45%
645,31.24%,289.31%,-15.47%
646,34.04%,332.64%,-12.50%
647,8.38%,49.56%,-20.03%
648,14.12%,93.59%,-18.67%
649,9.92%,60.45%,-18.90%
650,14.51%,96.90%,-31.52%
651,19.43%,142.98%,-31.46%
652,32.28%,304.96%,-16.58%
653,29.01%,257.38%,-20.55%
654,26.75%,227.09%,-25.69%
655,48.19%,614.61%,-11.97%
656,35.04%,349.03%,-22.73%
657,24.96%,204.73%,-12.77%
658,27.34%,234.89%,-20.41%
659,41.20%,461.27%,-14.85%
660,27.43%,236.03%,-18.86%
661,40.53%,448.18%,-10.35%
662,45.66%,555.63%,-17.05%
663,11.49%,72.29%,-26.84%
664,16.36%,113.32%,-18.94%
665,28.84%,255.07%,-18.39%
666,21.26%,162.15%,-33.04%
667,37.78%,396.56%,-13.50%
668,23.09%,182.51%,-23.55%
669,18.24%,131.13%,-13.44%
670,16.17%,111.60%,-29.28%
671,30.85%,283.64%,-10.84%
672,37.56%,392.52%,-14.86%
673,12.42%,79.56%,-19.76%
674,61.31%,992.23%,-7.82%
675,32.05%,301.53%,-11.08%
676,19.24%,141.05%,-13.94%
677,20.06%,149.50%,-19.79%
678,21.73%,167.25%,-23.71%
679,40.94%,456.19%,-15.95%
680,52.84%,733.94%,-16.69%
681,32.82%,313.32%,-32.75%
682,22.51%,175.93%,-18.73%
683,41.23%,461.87%,-26.32%
684,29.62%,265.87%,-17.26%
685,21.61%,165.96%,-17.82%
686,25.23%,207.94%,-13.99%
687,33.47%,323.61%,-19.18%
688,55.34%,804.45%,-17.26%
689,20.73%,156.48%,-18.97%
690,27.26%,233.80%,-13.05%
691,22.10%,171.34%,-25.38%
692,25.51%,211.43%,-21.06%
693,14.07%,93.13%,-27.29%
694,19.45%,143.16%,-33.30%
695,25.20%,207.65%,-29.56%
696,16.10%,110.97%,-22.38%
697,23.88%,191.72%,-20.77%
698,30.47%,278.09%,-19.16%
699,26.13%,219.21%,-24.48%
700,22.10%,171.41%,-19.30%
701,25.28%,208.61%,-15.91%
702,42.58%,489.26%,-10.34%
703,38.03%,401.11%,-14.42%
704,36.90%,380.80%,-12.57%
705,38.92%,417.32%,-9.42%
706,22.93%,180.73%,-19.24%
707,54.60%,783.15%,-9.59%
708,21.97%,169.95%,-22.60%
709,44.10%,521.31%,-11.92%
710,27.66%,239.09%,-12.89%
711,14.25%,94.66%,-13.92%
712,47.07%,587.98%,-9.72%
713,39.53%,428.90%,-8.24%
714,18.22%,130.92%,-19.71%
715,24.37%,197.62%,-21.74%
716,15.79%,108.16%,-25.85%
717,15.08%,101.81%,-16.77%
718,9.72%,59.04%,-25.71%
719,31.19%,288.64%,-12.39%
720,15.74%,107.69%,-12.97%
721,49.37%,643.57%,-13.14%
722,12.18%,77.69%,-28.36%
723,19.61%,144.77%,-20.46%
724,17.72%,126.04%,-17.81%
725,30.98%,285.48%,-16.74%
726,49.46%,645.77%,-12.29%
727,29.38%,262.48%,-9.62%
728,24.08%,194.15%,-17.25%
729,29.67%,266.57%,-16.93%
730,13.69%,89.97%,-23.53%
731,43.42%,506.74%,-9.39%
732,24.58%,200.09%,-21.78%
733,55.90%,820.85%,-14.30%
734,30.49%,278.32%,-22.68%
735,22.71%,178.22%,-20.56%
736,33.47%,323.52%,-10.16%
737,38.33%,406.52%,-8.05%
738,16.84%,117.74%,-19.77%
739,9.13%,54.78%,-31.69%
740,17.43%,123.29%,-18.84%
741,25.05%,205.79%,-29.82%
742,37.14%,385.09%,-10.65%
743,27.64%,238.75%,-15.07%
744,30.30%,275.53%,-12.33%
745,26.01%,217.67%,-22.50%
746,14.37%,95.70%,-20.97%
747,19.12%,139.84%,-24.58%
748,25.35%,209.47%,-19.02%
749,41.46%,466.54%,-10.14%
750,32.03%,301.20%,-8.16%
751,37.23%,386.74%,-11.92%
752,25.36%,209.54%,-21.77%
753,18.21%,130.87%,-22.10%
754,49.31%,642.09%,-15.58%
755,23.33%,185.29%,-27.87%
756,11.26%,70.53%,-33.54%
757,31.30%,290.26%,-23.83%
758,16.57%,115.20%,-12.14%
759,32.63%,310.34%,-20.27%
760,29.09%,258.43%,-14.13%
761,32.92%,314.87%,-12.16%
762,28.20%,246.25%,-19.45%
763,16.18%,111.64%,-22.52%
764,33.71%,327.40%,-9.89%
765,23.94%,192.50%,-19.59%
766,14.90%,100.24%,-27.61%
767,28.45%,249.61%,-13.20%
768,16.46%,114.26%,-22.08%
769,17.98%,128.60%,-26.48%
770,22.00%,170.31%,-21.48%
771,6.74%,38.55%,-16.81%
772,18.28%,131.50%,-25.10%
773,24.69%,201.37%,-8.97%
774,27.49%,236.75%,-17.36%
775,8.76%,52.17%,-29.03%
776,43.98%,518.79%,-14.72%
777,3.74%,20.16%,-21.22%
778,15.93%,109.43%,-24.91%
779,35.61%,358.70%,-15.88%
780,51.64%,701.87%,-18.75%
781,16.20%,111.88%,-27.42%
782,27.88%,242.00%,-15.11%
783,21.78%,167.89%,-18.24%
784,27.05%,231.05%,-16.94%
785,45.56%,553.53%,-14.99%
786,11.33%,71.02%,-34.06%
787,12.93%,83.71%,-33.27%
788,12.05%,76.64%,-19.91%
789,35.84%,362.54%,-17.47%
790,19.84%,147.14%,-19.44%
791,40.69%,451.24%,-8.26%
792,30.47%,278.06%,-12.53%
793,24.96%,204.69%,-16.86%
794,32.88%,314.22%,-14.18%
795,19.73%,146.00%,-21.61%
796,20.00%,148.85%,-20.26%
797,31.94%,299.78%,-11.43%
798,30.68%,281.08%,-24.53%
799,16.07%,110.63%,-23.12%
800,40.87%,454.71%,-8.18%
801,22.17%,172.17%,-18.66%
802,30.71%,281.49%,-16.54%
803,21.54%,165.23%,-23.20%
804,53.27%,745.89%,-9.89%
805,26.02%,217.80%,-12.09%
806,23.07%,182.31%,-16.58%
807,13.01%,84.32%,-19.98%
808,41.21%,461.40%,-16.37%
809,11.73%,74.14%,-33.96%
810,42.48%,487.25%,-24.11%
811,35.45%,355.91%,-14.59%
812,48.39%,619.55%,-20.09%
813,36.59%,375.43%,-11.02%
814,23.68%,189.38%,-25.53%
815,29.32%,261.69%,-26.08%
816,32.40%,306.88%,-19.23%
817,22.48%,175.58%,-36.04%
818,18.31%,131.76%,-20.82%
819,36.66%,376.71%,-14.36%
820,19.15%,140.15%,-26.08%
821,30.92%,284.68%,-15.45%
822,28.13%,245.37%,-20.76%
823,11.61%,73.16%,-29.23%
824,13.74%,90.37%,-28.84%
825,30.04%,271.79%,-21.32%
826,36.26%,369.64%,-11.82%
827,36.12%,367.34%,-13.94%
828,26.71%,226.64%,-19.61%
829,24.84%,203.17%,-24.37%
830,18.59%,134.55%,-14.69%
831,11.02%,68.64%,-24.86%
832,31.03%,286.16%,-21.99%
833,36.10%,366.90%,-18.01%
834,24.07%,193.95%,-20.19%
835,18.86%,137.24%,-16.37%
836,48.58%,624.02%,-15.33%
837,28.03%,244.03%,-34.21%
838,9.46%,57.13%,-19.29%
839,10.71%,66.30%,-38.49%
840,29.26%,260.80%,-18.09%
841,47.08%,588.22%,-18.87%
842,11.36%,71.25%,-19.39%
843,22.25%,173.00%,-15.11%
844,33.24%,319.95%,-13.60%
845,31.04%,286.38%,-15.33%
846,33.53%,324.48%,-14.10%
847,22.50%,175.85%,-13.03%
848,25.58%,212.32%,-19.71%
849,43.06%,499.16%,-7.16%
850,27.03%,230.79%,-16.07%
851,23.96%,192.65%,-25.01%
852,34.62%,342.13%,-15.55%
853,6.86%,39.33%,-26.29%
854,48.24%,615.86%,-12.17%
855,14.58%,97.49%,-24.96%
856,33.89%,330.31%,-19.55%
857,37.54%,392.17%,-11.53%
858,9.46%,57.11%,-26.94%
859,12.04%,76.54%,-25.54%
860,23.24%,184.24%,-26.66%
861,54.81%,789.32%,-19.84%
862,40.11%,439.94%,-17.39%
863,20.00%,148.86%,-26.19%
864,37.67%,394.45%,-14.74%
865,58.88%,912.40%,-14.24%
866,19.06%,139.24%,-19.82%
867,37.19%,385.90%,-23.66%
868,10.42%,64.15%,-37.00%
869,20.02%,149.02%,-29.07%
870,42.94%,496.77%,-17.29%
871,31.79%,297.50%,-18.73%
872,33.02%,316.52%,-18.77%
873,10.47%,64.53%,-24.45%
874,38.03%,400.97%,-14.93%
875,38.31%,406.05%,-18.39%
876,23.77%,190.46%,-20.93%
877,42.04%,478.11%,-18.80%
878,16.63%,115.80%,-31.38%
879,13.44%,87.84%,-32.36%
880,22.26%,173.14%,-19.39%
881,39.53%,428.89%,-15.99%
882,35.75%,360.92%,-9.50%
883,18.56%,134.23%,-24.00%
884,28.94%,256.33%,-13.44%
885,26.48%,223.70%,-13.93%
886,20.31%,152.07%,-19.97%
887,12.91%,83.55%,-22.43%
888,10.96%,68.22%,-19.43%
889,18.36%,132.25%,-14.47%
890,31.92%,299.57%,-22.03%
891,26.31%,221.57%,-13.77%
892,29.39%,262.72%,-19.85%
893,7.22%,41.69%,-26.57%
894,18.36%,132.29%,-19.63%
895,33.22%,319.55%,-15.71%
896,26.81%,227.97%,-15.06%
897,35.59%,358.33%,-25.83%
898,6.46%,36.72%,-28.05%
899,47.42%,596.26%,-20.24%
900,46.16%,566.94%,-14.45%
901,36.65%,376.46%,-17.87%
902,22.77%,178.96%,-18.20%
903,23.24%,184.32%,-11.96%
904,28.80%,254.48%,-14.68%
905,27.89%,242.15%,-14.70%
906,14.29%,94.99%,-19.91%
907,19.89%,147.69%,-14.52%
908,9.16%,54.98%,-23.91%
909,63.30%,1061.12%,-17.16%
910,14.24%,94.58%,-10.36%
911,28.38%,248.67%,-11.15%
912,17.81%,126.93%,-15.87%
913,32.19%,303.64%,-13.41%
914,18.12%,129.98%,-21.26%
915,52.19%,716.54%,-13.16%
916,29.76%,267.89%,-12.05%
917,43.48%,508.04%,-8.92%
918,29.29%,261.24%,-9.89%
919,39.42%,426.74%,-9.48%
920,54.52%,780.96%,-13.11%
921,49.79%,653.97%,-17.48%
922,36.32%,370.74%,-12.99%
923,53.26%,745.57%,-7.72%
924,36.89%,380.73%,-14.23%
925,22.94%,180.82%,-18.05%
926,22.29%,173.46%,-12.80%
927,7.78%,45.45%,-45.32%
928,6.49%,36.97%,-22.81%
929,21.98%,170.09%,-30.53%
930,49.02%,634.89%,-9.93%
931,24.46%,198.62%,-30.49%
932,25.73%,214.24%,-11.29%
933,23.79%,190.71%,-17.03%
934,25.93%,216.65%,-24.46%
935,26.42%,222.94%,-15.21%
936,43.18%,501.71%,-15.03%
937,32.19%,303.60%,-11.92%
938,27.98%,243.31%,-13.56%
939,30.22%,274.42%,-12.41%
940,18.55%,134.14%,-17.83%
941,30.19%,274.02%,-20.35%
942,20.94%,158.73%,-20.78%
943,32.42%,307.22%,-20.89%
944,22.22%,172.68%,-20.79%
945,23.52%,187.57%,-22.44%
946,16.21%,111.91%,-15.66%
947,20.66%,155.74%,-14.27%
948,30.11%,272.81%,-9.61%
949,37.39%,389.55%,-16.37%
950,26.34%,221.85%,-26.08%
951,33.17%,318.82%,-19.89%
952,37.93%,399.29%,-16.56%
953,9.35%,56.33%,-22.69%
954,16.86%,117.98%,-23.34%
955,41.88%,474.97%,-13.46%
956,20.47%,153.78%,-14.62%
957,33.24%,319.96%,-16.81%
958,28.16%,245.79%,-17.19%
959,28.74%,253.66%,-12.64%
960,37.35%,388.84%,-16.64%
961,10.39%,63.92%,-25.30%
962,38.96%,418.07%,-27.52%
963,48.76%,628.46%,-10.38%
964,33.63%,326.05%,-14.17%
965,23.69%,189.57%,-11.89%
966,21.29%,162.45%,-23.05%
967,25.07%,206.06%,-16.08%
968,16.60%,115.50%,-27.84%
969,19.03%,138.89%,-24.93%
970,31.21%,288.83%,-11.03%
971,22.93%,180.73%,-17.33%
972,17.19%,121.05%,-19.63%
973,25.37%,209.66%,-12.91%
974,39.38%,426.07%,-8.58%
975,35.06%,349.32%,-18.33%
976,14.96%,100.75%,-23.28%
977,29.55%,264.91%,-17.31%
978,18.89%,137.56%,-11.42%
979,37.75%,396.01%,-15.70%
980,21.70%,166.95%,-31.00%
981,39.48%,427.83%,-12.59%
982,10.94%,68.08%,-26.55%
983,20.22%,151.14%,-13.32%
984,67.45%,1216.42%,-11.99%
985,9.63%,58.39%,-23.18%
986,48.50%,622.14%,-10.10%
987,50.44%,670.55%,-17.04%
988,51.07%,686.96%,-9.58%
989,37.64%,393.97%,-8.58%
990,13.43%,87.79%,-30.09%
991,39.50%,428.31%,-15.24%
992,31.11%,287.45%,-14.24%
993,55.40%,806.28%,-17.41%
994,20.55%,154.54%,-28.25%
995,21.00%,159.32%,-17.44%
996,35.64%,359.14%,-10.98%
997,2.26%,11.81%,-34.02%
998,27.65%,238.89%,-19.49%
999,12.54%,80.48%,-21.97%
1000,38.54%,410.40%,-11.48%
